Purbalingga
Kabupaten Purbalingga
Jakarta Barat
Kota Administrasi Jakarta Barat
Jakarta Utara
Kota Administrasi Jakarta Utara
Jakarta Pusat
Kota Administrasi Jakarta Pusat
Jakarta Timur
Kota Administrasi Jakarta Timur
Jakarta Selatan
Kota Administrasi Jakarta Selatan
Aceh Barat
Kabupaten Aceh Barat
Aceh Besar
Kabupaten Aceh Besar
Aceh Selatan
Kabupaten Aceh Selatan
Aceh Tengah
Kabupaten Aceh Tengah
Aceh Tenggara
Kabupaten Aceh Tenggara
Aceh Timur
Kabupaten Aceh Timur
Aceh Utara
Kabupaten Aceh Utara
Banda Aceh
Kota Banda Aceh
Pidie
Kabupaten Pidie
Sabang
Kota Sabang
Asahan
Kabupaten Asahan
Binjai
Kota Binjai
Dairi
Kabupaten Dairi
Deli Serdang
Kabupaten Deli Serdang
Labuhanbatu
Kabupaten Labuhanbatu
Langkat
Kabupaten Langkat
Sibolga
Kota Sibolga
Simalungun
Kabupaten Simalungun
Tanjungbalai
Kota Tanjungbalai
Tapanuli Selatan
Kabupaten Tapanuli Selatan
Tapanuli Tengah
Kabupaten Tapanuli Tengah
Tapanuli Utara
Kabupaten Tapanuli Utara
Tebing Tinggi
Kota Tebing Tinggi
Bengkulu
Kota Bengkulu
Bengkulu Utara
Kabupaten Bengkulu Utara
Bengkulu Selatan
Kabupaten Bengkulu Selatan
Rejang Lebong
Kabupaten Rejang Lebong
Batanghari
Kabupaten Batanghari
Kerinci
Kabupaten Kerinci
Bengkalis
Kabupaten Bengkalis
Indragiri Hilir
Kabupaten Indragiri Hilir
Kampar
Kabupaten Kampar
Indragiri Hulu
Kabupaten Indragiri Hulu
Pekanbaru
Kota Pekanbaru
Agam
Kabupaten Agam
Bukittinggi
Kota Bukittinggi
Lima Puluh Kota
Kabupaten Lima Puluh Kota
Padang
Kota Padang
Padang Panjang
Kota Padang Panjang
Padang Pariaman
Kabupaten Padang Pariaman
Pasaman
Kabupaten Pasaman
Payakumbuh
Kota Payakumbuh
Pesisir Selatan
Kabupaten Pesisir Selatan
Sawahlunto
Kota Sawahlunto
Sijunjung
Kabupaten Sijunjung
Solok
Kabupaten Solok
Tanah Datar
Kabupaten Tanah Datar
Lahat
Kabupaten Lahat
Palembang
Kota Palembang
Pangkal Pinang
Kota Pangkal Pinang
Muara Enim
Kabupaten Muara Enim
Musi Banyuasin
Kabupaten Musi Banyuasin
Musi Rawas
Kabupaten Musi Rawas
Ogan Komering Ilir
Kabupaten Ogan Komering Ilir
Ogan Komering Ulu
Kabupaten Ogan Komering Ulu
Bandar Lampung
Kota Bandar Lampung
Lampung Selatan
Kabupaten Lampung Selatan
Lampung Tengah
Kabupaten Lampung Tengah
Lampung Utara
Kabupaten Lampung Utara
Tanggamus
Kabupaten Tanggamus
Tulang Bawang
Kabupaten Tulang Bawang
Way Kanan
Kabupaten Way Kanan
Lebak
Kabupaten Lebak
Pandeglang
Kabupaten Pandeglang
Serang
Kota Serang
Serang
Kabupaten Serang
Tangerang
Kabupaten Tangerang
Bandung
Kota Bandung
Bandung
Kabupaten Bandung
Bekasi
Kabupaten Bekasi
Bogor
Kabupaten Bogor
Ciamis
Kabupaten Ciamis
Cianjur
Kabupaten Cianjur
Cirebon
Kota Cirebon
Garut
Kabupaten Garut
Indramayu
Kabupaten Indramayu
Karawang
Kabupaten Karawang
Kuningan
Kabupaten Kuningan
Majalengka
Kabupaten Majalengka
Purwakarta
Kabupaten Purwakarta
Subang
Kabupaten Subang
Cirebon
Kabupaten Cirebon
Sukabumi
Kota Sukabumi
Sukabumi
Kabupaten Sukabumi
Sumedang
Kabupaten Sumedang
Tasikmalaya
Kabupaten Tasikmalaya
Banjarnegara
Kabupaten Banjarnegara
Banyumas
Kabupaten Banyumas
Batang
Kabupaten Batang
Blora
Kabupaten Blora
Boyolali
Kabupaten Boyolali
Brebes
Kabupaten Brebes
Demak
Kabupaten Demak
Grobogan
Kabupaten Grobogan
Jepara
Kabupaten Jepara
Karanganyar
Kabupaten Karanganyar
Kendal
Kabupaten Kendal
Klaten
Kabupaten Klaten
Kudus
Kabupaten Kudus
Magelang
Kabupaten Magelang
Pekalongan
Kota Pekalongan
Pekalongan
Kabupaten Pekalongan
Pemalang
Kabupaten Pemalang
Purworejo
Kabupaten Purworejo
Rembang
Kabupaten Rembang
Salatiga
Kota Salatiga
Semarang
Kota Semarang
Semarang
Kabupaten Semarang
Sragen
Kabupaten Sragen
Sukoharjo
Kabupaten Sukoharjo
Tegal
Kota Tegal
Tegal
Kabupaten Tegal
Temanggung
Kabupaten Temanggung
Wonogiri
Kabupaten Wonogiri
Wonosobo
Kabupaten Wonosobo
Bangkalan
Kabupaten Bangkalan
Banyuwangi
Kabupaten Banyuwangi
Blitar
Kota Blitar
Bojonegoro
Kabupaten Bojonegoro
Blitar
Kabupaten Blitar
Bondowoso
Kabupaten Bondowoso
Gresik
Kabupaten Gresik
Jember
Kabupaten Jember
Jombang
Kabupaten Jombang
Kediri
Kota Kediri
Kediri
Kabupaten Kediri
Lamongan
Kabupaten Lamongan
Lumajang
Kabupaten Lumajang
Magetan
Kabupaten Magetan
Madiun
Kabupaten Madiun
Mojokerto
Kota Mojokerto
Mojokerto
Kabupaten Mojokerto
Malang
Kabupaten Malang
Nganjuk
Kabupaten Nganjuk
Ngawi
Kabupaten Ngawi
Pacitan
Kabupaten Pacitan
Pamekasan
Kabupaten Pamekasan
Pasuruan
Kota Pasuruan
Pasuruan
Kabupaten Pasuruan
Ponorogo
Kabupaten Ponorogo
Probolinggo
Kabupaten Probolinggo
Sampang
Kabupaten Sampang
Sidoarjo
Kabupaten Sidoarjo
Situbondo
Kabupaten Situbondo
Sumenep
Kabupaten Sumenep
Surabaya
Kota Surabaya
Trenggalek
Kabupaten Trenggalek
Tuban
Kabupaten Tuban
Tulungagung
Kabupaten Tulungagung
Bantul
Kabupaten Bantul
Gunung Kidul
Kabupaten Gunung Kidul
Sleman
Kabupaten Sleman
Yogyakarta
Kota Yogyakarta
Badung
Kabupaten Badung
Bangli
Kabupaten Bangli
Buleleng
Kabupaten Buleleng
Denpasar
Kota Denpasar
Gianyar
Kabupaten Gianyar
Jembrana
Kabupaten Jembrana
Karangasem
Kabupaten Karangasem
Klungkung
Kabupaten Klungkung
Tabanan
Kabupaten Tabanan
Dompu
Kabupaten Dompu
Lombok Barat
Kabupaten Lombok Barat
Lombok Tengah
Kabupaten Lombok Tengah
Lombok Timur
Kabupaten Lombok Timur
Mataram
Kota Mataram
Sumbawa
Kabupaten Sumbawa
Alor
Kabupaten Alor
Belu
Kabupaten Belu
Ende
Kabupaten Ende
Flores Timur
Kabupaten Flores Timur
Manggarai
Kabupaten Manggarai
Ngada
Kabupaten Ngada
Sikka
Kabupaten Sikka
Sumba Barat
Kabupaten Sumba Barat
Sumba Timur
Kabupaten Sumba Timur
Timor Tengah Selatan
Kabupaten Timor Tengah Selatan
Timor Tengah Utara
Kabupaten Timor Tengah Utara
Kapuas Hulu
Kabupaten Kapuas Hulu
Ketapang
Kabupaten Ketapang
Pontianak
Kota Pontianak
Pontianak
Kabupaten Pontianak
Sambas
Kabupaten Sambas
Sanggau
Kabupaten Sanggau
Sintang
Kabupaten Sintang
Banjar
Kabupaten Banjar
Barito Kuala
Kabupaten Barito Kuala
Hulu Sungai Selatan
Kabupaten Hulu Sungai Selatan
Hulu Sungai Tengah
Kabupaten Hulu Sungai Tengah
Hulu Sungai Utara
Kabupaten Hulu Sungai Utara
Kotabaru
Kabupaten Kotabaru
Tabalong
Kabupaten Tabalong
Tanah Laut
Kabupaten Tanah Laut
Tapin
Kabupaten Tapin
Banjarmasin
Kota Banjarmasin
Barito Selatan
Kabupaten Barito Selatan
Barito Utara
Kabupaten Barito Utara
Kotawaringin Barat
Kabupaten Kotawaringin Barat
Kotawaringin Timur
Kabupaten Kotawaringin Timur
Palangka Raya
Kota Palangka Raya
Balikpapan
Kota Balikpapan
Berau
Kabupaten Berau
Bulungan
Kabupaten Bulungan
Paser
Kabupaten Paser
Samarinda
Kota Samarinda
Bolaang Mongondow
Kabupaten Bolaang Mongondow
Bantaeng
Kabupaten Bantaeng
Barru
Kabupaten Barru
Bone
Kabupaten Bone
Bulukumba
Kabupaten Bulukumba
Enrekang
Kabupaten Enrekang
Gowa
Kabupaten Gowa
Jeneponto
Kabupaten Jeneponto
Luwu
Kabupaten Luwu
Majene
Kabupaten Majene
Mamuju
Kabupaten Mamuju
Maros
Kabupaten Maros
Pangkajene dan Kepulauan
Kabupaten Pangkajene dan Kepulauan
Parepare
Kota Parepare
Pinrang
Kabupaten Pinrang
Kepulauan Selayar
Kabupaten Kepulauan Selayar
Sidenreng Rappang
Kabupaten Sidenreng Rappang
Sinjai
Kabupaten Sinjai
Soppeng
Kabupaten Soppeng
Takalar
Kabupaten Takalar
Tana Toraja
Kabupaten Tana Toraja
Makassar
Kota Makassar
Wajo
Kabupaten Wajo
Buton
Kabupaten Buton
Kendari
Kota Kendari
Kolaka
Kabupaten Kolaka
Muna
Kabupaten Muna
Banggai
Kabupaten Banggai
Donggala
Kabupaten Donggala
Palu
Kota Palu
Poso
Kabupaten Poso
Manado
Kota Manado
Minahasa
Kabupaten Minahasa
Biak Numfor
Kabupaten Biak Numfor
Jayapura
Kota Jayapura
Jayapura
Kabupaten Jayapura
Jayawijaya
Kabupaten Jayawijaya
Merauke
Kabupaten Merauke
Mimika
Kabupaten Mimika
Paniai
Kabupaten Paniai
Sorong
Kabupaten Sorong
Kepulauan Yapen
Kabupaten Kepulauan Yapen
Ambon
Kota Ambon
Maluku Tengah
Kabupaten Maluku Tengah
Maluku Tenggara
Kabupaten Maluku Tenggara
Ternate
Kota Ternate
Tidore Kepulauan
Kota Tidore Kepulauan
Halmahera Tengah
Kabupaten Halmahera Tengah
Aceh Barat Daya
Kabupaten Aceh Barat Daya
Aceh Jaya
Kabupaten Aceh Jaya
Bener Meriah
Kabupaten Bener Meriah
Aceh Tamiang
Kabupaten Aceh Tamiang
Gayo Lues
Kabupaten Gayo Lues
Aceh Singkil
Kabupaten Aceh Singkil
Bireuen
Kabupaten Bireuen
Nagan Raya
Kabupaten Nagan Raya
Simeulue
Kabupaten Simeulue
Lhokseumawe
Kota Lhokseumawe
Langsa
Kota Langsa
Kepulauan Seribu
Kabupaten Administrasi Kepulauan Seribu
Humbang Hasundutan
Kabupaten Humbang Hasundutan
Pakpak Bharat
Kabupaten Pakpak Bharat
Lampung Timur
Kabupaten Lampung Timur
Banyuasin
Kabupaten Banyuasin
Tanah Bumbu
Kabupaten Tanah Bumbu
Barito Timur
Kabupaten Barito Timur
Gunung Mas
Kabupaten Gunung Mas
Katingan
Kabupaten Katingan
Seruyan
Kabupaten Seruyan
Pulang Pisau
Kabupaten Pulang Pisau
Murung Raya
Kabupaten Murung Raya
Lamandau
Kabupaten Lamandau
Sukamara
Kabupaten Sukamara
Mazowsze
Provinsi Mazowsze
Tomohon
Kota Tomohon
Dharmasraya
Kabupaten Dharmasraya
Kepahiang
Kabupaten Kepahiang
Serdang Bedagai
Kabupaten Serdang Bedagai
Kuala Simpang, Aceh Tamiang
Kota Kuala Simpang, Aceh Tamiang
Ogan Komering Ulu Selatan
Kabupaten Ogan Komering Ulu Selatan
Solok
Kota Solok
Lampung Barat
Kabupaten Lampung Barat
Banjar
Kota Banjar
Mamasa
Kabupaten Mamasa
mobagu
Kota Kotamobagu
Magelang
Kota Magelang
Bontang
Kota Bontang
Sekadau
Kabupaten Sekadau
Dumai
Kota Dumai
Lublin
Provinsi Lublin
Belitung Timur
Kabupaten Belitung Timur
Mandailing Natal
Kabupaten Mandailing Natal
Bungo
Kabupaten Bungo
Merangin
Kabupaten Merangin
Muaro Jambi
Kabupaten Muaro Jambi
Sarolangun
Kabupaten Sarolangun
Tanjung Jabung Barat
Kabupaten Tanjung Jabung Barat
Tanjung Jabung Timur
Kabupaten Tanjung Jabung Timur
Kuantan Singingi
Kabupaten Kuantan Singingi
Pelalawan
Kabupaten Pelalawan
Rokan Hilir
Kabupaten Rokan Hilir
Siak
Kabupaten Siak
Kepulauan Mentawai
Kabupaten Kepulauan Mentawai
Karimun
Kabupaten Karimun
Natuna
Kabupaten Natuna
Kupang
Kota Kupang
Bengkayang
Kabupaten Bengkayang
Landak
Kabupaten Landak
Kutai Barat
Kabupaten Kutai Barat
Kutai Timur
Kabupaten Kutai Timur
Nunukan
Kabupaten Nunukan
Tarakan
Kota Tarakan
Bitung
Kota Bitung
Maluku Tenggara Barat
Kabupaten Maluku Tenggara Barat
Bima
Kabupaten Bima
Minahasa Selatan
Kabupaten Minahasa Selatan
Kepulauan Talaud
Kabupaten Kepulauan Talaud
Pematangsiantar
Kota Pematangsiantar
Bintan
Kabupaten Bintan
Malang
Kota Malang
Bau-Bau
Kota Bau-Bau
Alessandria
Provinsi Alessandria
Cuneo
Provinsi Cuneo
Bamiyan
Provinsi Bamiyan
Taipei
Kota Taipei
Tainan
Kota Tainan
H? Chí Minh
Kota H? Chí Minh
Kaur
Kabupaten Kaur
Gorontalo
Kabupaten Gorontalo
Timika
Kota Timika
Medan , Medan
Medan Kota, Medan
Bambu, Palmerah, Jakarta Barat
Kota Bambu, Palmerah, Jakarta Barat
Kulon Progo
Kabupaten Kulon Progo
Minahasa Utara
Kabupaten Minahasa Utara
Kinabalu
Kota Kinabalu
Pati
Kabupaten Pati
Cilegon
Kota Cilegon
Tasikmalaya
Kota Tasikmalaya
Cimahi
Kota Cimahi
Tanjungpinang
Kota Tanjungpinang
Kutai Kartanegara
Kabupaten Kutai Kartanegara
Kebumen
Kabupaten Kebumen
Cilacap
Kabupaten Cilacap
Karo
Kabupaten Karo
Chiang Mai
Provinsi Chiang Mai
Batu
Kota Batu
Isfahan
Kota Isfahan
Rokan Hulu
Kabupaten Rokan Hulu
Batu Pahat
Distrik Batu Pahat
Pariaman
Kota Pariaman
Probolinggo
Kota Probolinggo
Singkawang
Kota Singkawang
Sorong
Kota Sorong
Sorong Selatan
Kabupaten Sorong Selatan
Boalemo
Kabupaten Boalemo
Bone Bolango
Kabupaten Bone Bolango
Pohuwato
Kabupaten Pohuwato
Konawe
Kabupaten Konawe
Nias
Kabupaten Nias
Nias Selatan
Kabupaten Nias Selatan
Samosir
Kabupaten Samosir
Toba Samosir
Kabupaten Toba Samosir
Lebong
Kabupaten Lebong
Mukomuko
Kabupaten Mukomuko
Seluma
Kabupaten Seluma
Jambi
Kota Jambi
Tebo
Kabupaten Tebo
Lingga
Kabupaten Lingga
Ogan Komering Ulu Timur
Kabupaten Ogan Komering Ulu Timur
Ogan Ilir
Kabupaten Ogan Ilir
Prabumulih
Kota Prabumulih
Pasaman Barat
Kabupaten Pasaman Barat
Binjai , Binjai
Binjai Kota, Binjai
Halmahera Barat
Kabupaten Halmahera Barat
Bangka
Kabupaten Bangka
Belitung
Kabupaten Belitung
Bangka Barat
Kabupaten Bangka Barat
Bangka Tengah
Kabupaten Bangka Tengah
Bangka Selatan
Kabupaten Bangka Selatan
Solok Selatan
Kabupaten Solok Selatan
Sumbawa Barat
Kabupaten Sumbawa Barat
Bima
Kota Bima
Kupang
Kabupaten Kupang
Lembata
Kabupaten Lembata
Manggarai Barat
Kabupaten Manggarai Barat
Melawi
Kabupaten Melawi
Malinau
Kabupaten Malinau
Penajam Paser Utara
Kabupaten Penajam Paser Utara
Kapuas
Kabupaten Kapuas
Balangan
Kabupaten Balangan
Banjarbaru
Kota Banjarbaru
Kepulauan Sangihe
Kabupaten Kepulauan Sangihe
Polewali Mandar
Kabupaten Polewali Mandar
Mamuju Utara
Kabupaten Mamuju Utara
Luwu Timur
Kabupaten Luwu Timur
Luwu Utara
Kabupaten Luwu Utara
Palopo
Kota Palopo
Bombana
Kabupaten Bombana
Kolaka Utara
Kabupaten Kolaka Utara
Konawe Selatan
Kabupaten Konawe Selatan
Wakatobi
Kabupaten Wakatobi
Banggai Kepulauan
Kabupaten Banggai Kepulauan
Buol
Kabupaten Buol
Morowali
Kabupaten Morowali
Parigi Moutong
Kabupaten Parigi Moutong
Tojo Una-una
Kabupaten Tojo Una-una
Tolitoli
Kabupaten Tolitoli
Buru
Kabupaten Buru
Kepulauan Aru
Kabupaten Kepulauan Aru
Seram Bagian Barat
Kabupaten Seram Bagian Barat
Seram Bagian Timur
Kabupaten Seram Bagian Timur
Halmahera Selatan
Kabupaten Halmahera Selatan
Halmahera Timur
Kabupaten Halmahera Timur
Halmahera Utara
Kabupaten Halmahera Utara
Kepulauan Sula
Kabupaten Kepulauan Sula
Yahukimo
Kabupaten Yahukimo
Fakfak
Kabupaten Fakfak
Kaimana
Kabupaten Kaimana
Manokwari
Kabupaten Manokwari
Raja Ampat
Kabupaten Raja Ampat
Teluk Bintuni
Kabupaten Teluk Bintuni
Teluk Wondama
Kabupaten Teluk Wondama
Asmat
Kabupaten Asmat
Boven Digoel
Kabupaten Boven Digoel
Keerom
Kabupaten Keerom
Mappi
Kabupaten Mappi
Nabire
Kabupaten Nabire
Pegunungan Bintang
Kabupaten Pegunungan Bintang
Puncak Jaya
Kabupaten Puncak Jaya
Sarmi
Kabupaten Sarmi
Supiori
Kabupaten Supiori
Tolikara
Kabupaten Tolikara
Waropen
Kabupaten Waropen
Madiun
Kota Madiun
Jantho, Aceh Besar
Kota Jantho, Aceh Besar
Guatemala
Kota Guatemala
Kapur IX, Lima Puluh
Kapur IX, Lima Puluh Kota
Bangun, Kutai Kartanegara
Kota Bangun, Kutai Kartanegara
Sigli, Pidie
Kota Sigli, Pidie
Tierra del Fuego
Provinsi Tierra del Fuego
Tierra del Fuego
Provinsi Tierra del Fuego
Río Negro
Provinsi Río Negro
Baru, Jambi
Kota Baru, Jambi
Jilin
Kota Jilin
, Kudus
Kota, Kudus
Bandar Udara Internasional Beijing
Bandar Udara Internasional Ibu Kota Beijing
Garut , Garut
Garut Kota, Garut
Almaty
Provinsi Almaty
Kazakhstan Timur
Provinsi Kazakhstan Timur
Qaraghandy
Provinsi Qaraghandy
Qyzylorda
Provinsi Qyzylorda
Kazakhstan Selatan
Provinsi Kazakhstan Selatan
Neuquén
Provinsi Neuquén
Santiago del Estero
Provinsi Santiago del Estero
Salta
Provinsi Salta
Jujuy
Provinsi Jujuy
Formosa
Provinsi Formosa
Chaco
Provinsi Chaco
San Juan, Argentina
Provinsi San Juan, Argentina
Chubut
Provinsi Chubut
Corrientes
Provinsi Corrientes
San Luis
Provinsi San Luis
Misiones
Provinsi Misiones
Mendoza
Provinsi Mendoza
Catamarca
Provinsi Catamarca
Buenos Aires
Provinsi Buenos Aires
Cartago
Provinsi Cartago
Heredia
Provinsi Heredia
Córdoba
Provinsi Córdoba
Entre Ríos
Provinsi Entre Ríos
Tucumán
Provinsi Tucumán
Pontianak , Pontianak
Pontianak Kota, Pontianak
Sumenep, Sumenep
Kota Sumenep, Sumenep
Nakhon Ratchasima
Provinsi Nakhon Ratchasima
Manna, Bengkulu Selatan
Kota Manna, Bengkulu Selatan
Baharu, Aceh Singkil
Kota Baharu, Aceh Singkil
Panyabungan , Mandailing Natal
Panyabungan Kota, Mandailing Natal
Ampana , Tojo Una-Una
Ampana Kota, Tojo Una-Una
Jambi Luar , Muaro Jambi
Jambi Luar Kota, Muaro Jambi
Sanga , Musi Banyuasin
Sanga Desa, Musi Banyuasin
Agung, Lahat
Kota Agung, Lahat
Bukit Barisan, Lima Puluh
Bukit Barisan, Lima Puluh Kota
Guguk, Lima Puluh
Guguk, Lima Puluh Kota
Gunung Omeh, Lima Puluh
Gunung Omeh, Lima Puluh Kota
Harau, Lima Puluh
Harau, Lima Puluh Kota
Lareh Sago Halaban, Lima Puluh
Lareh Sago Halaban, Lima Puluh Kota
Luhak, Lima Puluh
Luhak, Lima Puluh Kota
Mungka, Lima Puluh
Mungka, Lima Puluh Kota
Pangkalan Koto Baru, Lima Puluh
Pangkalan Koto Baru, Lima Puluh Kota
Payakumbuh, Lima Puluh
Payakumbuh, Lima Puluh Kota
Situjuh Lima Nagari, Lima Puluh
Situjuh Lima Nagari, Lima Puluh Kota
Suliki Gunung Mas, Lima Puluh
Suliki Gunung Mas, Lima Puluh Kota
Tanjungpinang , Tanjungpinang
Tanjungpinang Kota, Tanjungpinang
Malinau , Malinau
Malinau Kota, Malinau
Besi, waringin Timur
Kota Besi, Kotawaringin Timur
Poso , Poso
Poso Kota, Poso
Barat, Gorontalo
Kota Barat, Gorontalo
Selatan, Gorontalo
Kota Selatan, Gorontalo
Timur, Gorontalo
Kota Timur, Gorontalo
Utara, Gorontalo
Kota Utara, Gorontalo
Masohi, Maluku Tengah
Kota Masohi, Maluku Tengah
Waikabubak, Sumba Barat
Kota Waikabubak, Sumba Barat
Waingapu, Sumba Timur
Kota Waingapu, Sumba Timur
Soe, Timor Tengah Selatan
Kota Soe, Timor Tengah Selatan
Kefamenanu, Timor Tengah Utara
Kota Kefamenanu, Timor Tengah Utara
Biak , Biak Numfor
Biak Kota, Biak Numfor
Ulilin, Merauke
Distrik Ulilin, Merauke
Langsa , Langsa
Langsa Kota, Langsa
Pinang, Labuhanbatu Selatan
Kota Pinang, Labuhanbatu Selatan
Pekanbaru , Pekanbaru
Pekanbaru Kota, Pekanbaru
Sibolga , Sibolga
Sibolga Kota, Sibolga
Gajah, Lampung Tengah
Kota Gajah, Lampung Tengah
Padang, Rejang Lebong
Kota Padang, Rejang Lebong
bumi , Lampung Utara
Kotabumi Kota, Lampung Utara
Batu, Ciomas, Bogor
Kota Batu, Ciomas, Bogor
Kolot, Cilawu, Garut
Desa Kolot, Cilawu, Garut
Cimuncang, Garut , Garut
Cimuncang, Garut Kota, Garut
Ciwalen, Garut , Garut
Ciwalen, Garut Kota, Garut
Kulon, Garut , Garut
Kota Kulon, Garut Kota, Garut
Wetan, Garut , Garut
Kota Wetan, Garut Kota, Garut
Margawati, Garut , Garut
Margawati, Garut Kota, Garut
Muara Sanding, Garut , Garut
Muara Sanding, Garut Kota, Garut
Pakuwon, Garut , Garut
Pakuwon, Garut Kota, Garut
Paminggir, Garut , Garut
Paminggir, Garut Kota, Garut
Regol, Garut , Garut
Regol, Garut Kota, Garut
Sukamantri, Garut , Garut
Sukamantri, Garut Kota, Garut
Sukanegla, Garut , Garut
Sukanegla, Garut Kota, Garut
Babelan , Babelan, Bekasi
Babelan Kota, Babelan, Bekasi
Cikarang , Cikarang Utara, Bekasi
Cikarang Kota, Cikarang Utara, Bekasi
Daerah Brussel
Daerah Ibu Kota Brussel
Azuay
Provinsi Azuay
Bolívar
Provinsi Bolívar
Cañar
Provinsi Cañar
Carchi
Provinsi Carchi
Chimborazo
Provinsi Chimborazo
Cotopaxi
Provinsi Cotopaxi
Esmeraldas
Provinsi Esmeraldas
Galápagos
Provinsi Galápagos
Guayas
Provinsi Guayas
Imbabura
Provinsi Imbabura
Los Ríos
Provinsi Los Ríos
Manabí
Provinsi Manabí
Morona-Santiago
Provinsi Morona-Santiago
Napo
Provinsi Napo
Orellana
Provinsi Orellana
El Oro
Provinsi El Oro
Pastaza
Provinsi Pastaza
Pichincha
Provinsi Pichincha
Sucumbíos
Provinsi Sucumbíos
Tungurahua
Provinsi Tungurahua
Zamora-Chinchipe
Provinsi Zamora-Chinchipe
Zagreb
Kabupaten Zagreb
Bjelovar-Bilogora
Kabupaten Bjelovar-Bilogora
Brod-Posavina
Kabupaten Brod-Posavina
Dubrovnik-Neretva
Kabupaten Dubrovnik-Neretva
Istria
Kabupaten Istria
Karlovac
Kabupaten Karlovac
Koprivnica-Križevci
Kabupaten Koprivnica-Križevci
Krapina-Zagorje
Kabupaten Krapina-Zagorje
Lika-Senj
Kabupaten Lika-Senj
Me?imurje
Kabupaten Me?imurje
Osijek-Baranja
Kabupaten Osijek-Baranja
Požega-Slavonia
Kabupaten Požega-Slavonia
Primorje-Gorski Kotar
Kabupaten Primorje-Gorski Kotar
Šibenik-Knin
Kabupaten Šibenik-Knin
Sisak-Moslavina
Kabupaten Sisak-Moslavina
Split-Dalmatia
Kabupaten Split-Dalmatia
Varaždin
Kabupaten Varaždin
Virovitica-Podravina
Kabupaten Virovitica-Podravina
Vukovar-Syrmia
Kabupaten Vukovar-Syrmia
Zadar
Kabupaten Zadar
, Kesambi, Cirebon
Kecamatan, Kesambi, Cirebon
Cikampek , Cikampek, Karawang
Cikampek Kota, Cikampek, Karawang
Bokeo
Provinsi Bokeo
Champasak
Provinsi Champasak
Houaphan
Provinsi Houaphan
Khammouan
Provinsi Khammouan
Karang Mumus, Samarinda , Samarinda
Karang Mumus, Samarinda Kota, Samarinda
Pelabuhan, Samarinda , Samarinda
Pelabuhan, Samarinda Kota, Samarinda
Sungai Pinang Luar, Samarinda , Samarinda
Sungai Pinang Luar, Samarinda Kota, Samarinda
Pasar Pagi, Samarinda , Samarinda
Pasar Pagi, Samarinda Kota, Samarinda
Bugis, Samarinda , Samarinda
Bugis, Samarinda Kota, Samarinda
Xaignabouli
Provinsi Xaignabouli
Xiangkhoang
Provinsi Xiangkhoang
Brest
Provinsi Brest
Homiel
Provinsi Homiel
Hrodna
Provinsi Hrodna
Mahilyow
Provinsi Mahilyow
Minsk
Provinsi Minsk
Vitsebsk
Provinsi Vitsebsk
Bolaang Mongondow Utara
Kabupaten Bolaang Mongondow Utara
Bandung Barat
Kabupaten Bandung Barat
Gorontalo Utara
Kabupaten Gorontalo Utara
Minahasa Tenggara
Kabupaten Minahasa Tenggara
Subulussalam
Kota Subulussalam
Pidie Jaya
Kabupaten Pidie Jaya
Kayong Utara
Kabupaten Kayong Utara
Sumba Barat Daya
Kabupaten Sumba Barat Daya
Konawe Utara
Kabupaten Konawe Utara
Buton Utara
Kabupaten Buton Utara
Kepulauan Siau Tagulandang Biaro
Kabupaten Kepulauan Siau Tagulandang Biaro
Empat Lawang
Kabupaten Empat Lawang
Batu Bara
Kabupaten Batu Bara
Nagekeo
Kabupaten Nagekeo
Sumba Tengah
Kabupaten Sumba Tengah
Baru, Bekasi Barat, Bekasi
Kota Baru, Bekasi Barat, Bekasi
Bagan , Bangko, Rokan Hilir
Bagan Kota, Bangko, Rokan Hilir
, Klaten Tengah, Klaten
Kabupaten, Klaten Tengah, Klaten
Glugur , Medan Barat, Medan
Glugur Kota, Medan Barat, Medan
Pulo Brayan , Medan Barat, Medan
Pulo Brayan Kota, Medan Barat, Medan
Alibori
Departemen Alibori
Atakora
Departemen Atakora
Atlantique
Departemen Atlantique
Borgou
Departemen Borgou
Collines
Departemen Collines
Donga
Departemen Donga
Kouffo
Departemen Kouffo
Dak Lak
Provinsi Dak Lak
Barongan, , Kudus
Barongan, Kota, Kudus
Burikan, , Kudus
Burikan, Kota, Kudus
Damaran, , Kudus
Damaran, Kota, Kudus
Demaan, , Kudus
Demaan, Kota, Kudus
Demangan, , Kudus
Demangan, Kota, Kudus
Glantengan, , Kudus
Glantengan, Kota, Kudus
Janggalan, , Kudus
Janggalan, Kota, Kudus
Kajeksan, , Kudus
Kajeksan, Kota, Kudus
Kaliputu, , Kudus
Kaliputu, Kota, Kudus
Kauman, , Kudus
Kauman, Kota, Kudus
Kerjasan, , Kudus
Kerjasan, Kota, Kudus
Kramat, , Kudus
Kramat, Kota, Kudus
Krandon, , Kudus
Krandon, Kota, Kudus
Langgardalem, , Kudus
Langgardalem, Kota, Kudus
Mlati Kidul, , Kudus
Mlati Kidul, Kota, Kudus
Mlati Lor, , Kudus
Mlati Lor, Kota, Kudus
Mlati Norowito, , Kudus
Mlati Norowito, Kota, Kudus
Nganguk, , Kudus
Nganguk, Kota, Kudus
Panjunan, , Kudus
Panjunan, Kota, Kudus
Purwosari, , Kudus
Purwosari, Kota, Kudus
Rendeng, , Kudus
Rendeng, Kota, Kudus
Singocandi, , Kudus
Singocandi, Kota, Kudus
Sunggingan, , Kudus
Sunggingan, Kota, Kudus
Wergu Kulon, , Kudus
Wergu Kulon, Kota, Kudus
Wergu Wetan, , Kudus
Wergu Wetan, Kota, Kudus
Kirkuk
Provinsi Kirkuk
Kayamanya, Poso , Poso
Kayamanya, Poso Kota, Poso
Lembomawo, Poso Selatan, Poso
Lembomawo, Poso Kota Selatan, Poso
Kemala Putih, Waingapu, Sumba Timur
Kemala Putih, Kota Waingapu, Sumba Timur
Mamberamo Raya
Kabupaten Mamberamo Raya
Bandar Udara al Red Deer
Bandar Udara Regional Red Deer
Tana Tidung
Kabupaten Tana Tidung
Manggarai Timur
Kabupaten Manggarai Timur
Padang Lawas
Kabupaten Padang Lawas
Kubu Raya
Kabupaten Kubu Raya
Pesawaran
Kabupaten Pesawaran
Tual
Kota Tual
Badakhshan
Provinsi Badakhshan
Kondoz
Provinsi Kondoz
Juang, Bireuen
Kota Juang, Bireuen
Bandar Udara Internasional Kinabalu
Bandar Udara Internasional Kota Kinabalu
Padang Lawas Utara
Kabupaten Padang Lawas Utara
Sistan dan Baluchestan
Provinsi Sistan dan Baluchestan
Toraja Utara
Kabupaten Toraja Utara
Lanny Jaya
Kabupaten Lanny Jaya
Dogiyai
Kabupaten Dogiyai
Mamberamo Tengah
Kabupaten Mamberamo Tengah
Puncak
Kabupaten Puncak
Yalimo
Kabupaten Yalimo
Wenchuan
Kabupaten Wenchuan
Maubeli, Kefamenanu, Timor Tengah Utara
Maubeli, Kota Kefamenanu, Timor Tengah Utara
Ipar Bondar, Panyabungan , Mandailing Natal
Ipar Bondar, Panyabungan Kota, Mandailing Natal
Kenali Besar, Baru, Jambi
Kenali Besar, Kota Baru, Jambi
Simpang Empat, Pekanbaru , Pekanbaru
Simpang Empat, Pekanbaru Kota, Pekanbaru
Sumahilang, Pekanbaru , Pekanbaru
Sumahilang, Pekanbaru Kota, Pekanbaru
Tanah Datar, Pekanbaru , Pekanbaru
Tanah Datar, Pekanbaru Kota, Pekanbaru
Baru, Pekanbaru , Pekanbaru
Kota Baru, Pekanbaru Kota, Pekanbaru
Sukaramai, Pekanbaru , Pekanbaru
Sukaramai, Pekanbaru Kota, Pekanbaru
Tinggi, Pekanbaru , Pekanbaru
Kota Tinggi, Pekanbaru Kota, Pekanbaru
Nduga
Kabupaten Nduga
Jonggon , Loa Kulu, Kutai Kartanegara
Jonggon Desa, Loa Kulu, Kutai Kartanegara
Loa Kulu , Loa Kulu, Kutai Kartanegara
Loa Kulu Kota, Loa Kulu, Kutai Kartanegara
Wonosari, Bangun, Kutai Kartanegara
Wonosari, Kota Bangun, Kutai Kartanegara
Bangun I, Bangun, Kutai Kartanegara
Kota Bangun I, Kota Bangun, Kutai Kartanegara
Bangun II, Bangun, Kutai Kartanegara
Kota Bangun II, Kota Bangun, Kutai Kartanegara
Bangun III, Bangun, Kutai Kartanegara
Kota Bangun III, Kota Bangun, Kutai Kartanegara
Bangun Ilir, Bangun, Kutai Kartanegara
Kota Bangun Ilir, Kota Bangun, Kutai Kartanegara
Sukabumi, Bangun, Kutai Kartanegara
Sukabumi, Kota Bangun, Kutai Kartanegara
Sumber Sari, Bangun, Kutai Kartanegara
Sumber Sari, Kota Bangun, Kutai Kartanegara
Bangun Seberang, Bangun, Kutai Kartanegara
Kota Bangun Seberang, Kota Bangun, Kutai Kartanegara
Mariana, Pontianak , Pontianak
Mariana, Pontianak Kota, Pontianak
Tengah, Pontianak , Pontianak
Tengah, Pontianak Kota, Pontianak
Darat Sekip, Pontianak , Pontianak
Darat Sekip, Pontianak Kota, Pontianak
Sungai Bangkong, Pontianak , Pontianak
Sungai Bangkong, Pontianak Kota, Pontianak
Sungai Jawi, Pontianak , Pontianak
Sungai Jawi, Pontianak Kota, Pontianak
Benua Baru, Bangun, Kutai Kartanegara
Benua Baru, Kota Bangun, Kutai Kartanegara
Kedang Ipil, Bangun, Kutai Kartanegara
Kedang Ipil, Kota Bangun, Kutai Kartanegara
Kedang Murung, Bangun, Kutai Kartanegara
Kedang Murung, Kota Bangun, Kutai Kartanegara
Bangun Ulu, Bangun, Kutai Kartanegara
Kota Bangun Ulu, Kota Bangun, Kutai Kartanegara
Liang, Bangun, Kutai Kartanegara
Liang, Kota Bangun, Kutai Kartanegara
Liang Ulu, Bangun, Kutai Kartanegara
Liang Ulu, Kota Bangun, Kutai Kartanegara
Loleng, Bangun, Kutai Kartanegara
Loleng, Kota Bangun, Kutai Kartanegara
Muhuran, Bangun, Kutai Kartanegara
Muhuran, Kota Bangun, Kutai Kartanegara
Pela, Bangun, Kutai Kartanegara
Pela, Kota Bangun, Kutai Kartanegara
Sarinadi, Bangun, Kutai Kartanegara
Sarinadi, Kota Bangun, Kutai Kartanegara
Sedulang, Bangun, Kutai Kartanegara
Sedulang, Kota Bangun, Kutai Kartanegara
Baru, Pontianak Selatan, Pontianak
Kota Baru, Pontianak Selatan, Pontianak
Kandan, Besi, waringin Timur
Kandan, Kota Besi, Kotawaringin Timur
Hanjalipan, Besi, waringin Timur
Hanjalipan, Kota Besi, Kotawaringin Timur
Lombok Utara
Kabupaten Lombok Utara
Kepulauan Anambas
Kabupaten Kepulauan Anambas
Bengkulu Tengah
Kabupaten Bengkulu Tengah
Sungaipenuh
Kota Sungaipenuh
Labuhanbatu Selatan
Kabupaten Labuhanbatu Selatan
Labuhanbatu Utara
Kabupaten Labuhanbatu Utara
Bolaang Mongondow Timur
Kabupaten Bolaang Mongondow Timur
Bolaang Mongondow Selatan
Kabupaten Bolaang Mongondow Selatan
Sigi
Kabupaten Sigi
Maluku Barat Daya
Kabupaten Maluku Barat Daya
Buru Selatan
Kabupaten Buru Selatan
Batu Lidung, Malinau , Malinau
Batu Lidung, Malinau Kota, Malinau
Malinau , Malinau , Malinau
Malinau Kota, Malinau Kota, Malinau
Pelita Kanaan, Malinau , Malinau
Pelita Kanaan, Malinau Kota, Malinau
Mesuji
Kabupaten Mesuji
Tulang Bawang Barat
Kabupaten Tulang Bawang Barat
Pringsewu
Kabupaten Pringsewu
Gunungsitoli
Kota Gunungsitoli
Nias Utara
Kabupaten Nias Utara
Nias Barat
Kabupaten Nias Barat
Tambrauw
Kabupaten Tambrauw
Pulau Morotai
Kabupaten Pulau Morotai
Intan Jaya
Kabupaten Intan Jaya
Deiyai
Kabupaten Deiyai
Sabu Raijua
Kabupaten Sabu Raijua
Karangtengah , Ngawi, Ngawi
Karangtengah Kota, Ngawi, Ngawi
Pekan Binjai, Binjai , Binjai
Pekan Binjai, Binjai Kota, Binjai
Kepulauan Meranti
Kabupaten Kepulauan Meranti
Llanquihue
Provinsi Llanquihue
Maybrat
Kabupaten Maybrat
Kisaran Barat, Asahan
Kota Kisaran Barat, Asahan
Kisaran Timur, Asahan
Kota Kisaran Timur, Asahan
Atas, Sukakarya, Sabang
Kota Atas, Sukakarya, Sabang
Bawah Barat, Sukakarya, Sabang
Kota Bawah Barat, Sukakarya, Sabang
Bawah Timur, Sukakarya, Sabang
Kota Bawah Timur, Sukakarya, Sabang
Bago
Region Bago
Tavush
Provinsi Tavush
Vayots Dzor
Provinsi Vayots Dzor
Covalima
Kabupaten Covalima
Magway
Region Magway
Datar, Hamparan Perak, Deli Serdang
Kota Datar, Hamparan Perak, Deli Serdang
Pari, Pantai Cermin, Serdang Bedagai
Kota Pari, Pantai Cermin, Serdang Bedagai
Galuh, Perbaungan, Serdang Bedagai
Kota Galuh, Perbaungan, Serdang Bedagai
Satria, Binjai , Binjai
Satria, Binjai Kota, Binjai
Tengah, Dolok Masihul, Serdang Bedagai
Kota Tengah, Dolok Masihul, Serdang Bedagai
Tangsi, Binjai , Binjai
Tangsi, Binjai Kota, Binjai
Setia, Binjai , Binjai
Setia, Binjai Kota, Binjai
Kartini, Binjai , Binjai
Kartini, Binjai Kota, Binjai
Binjai, Binjai , Binjai
Binjai, Binjai Kota, Binjai
Berngam, Binjai , Binjai
Berngam, Binjai Kota, Binjai
Bamo, Komba, Manggarai Timur
Bamo, Kota Komba, Manggarai Timur
Gimpo
Kota Gimpo
Menara, Amurang Timur, Minahasa Selatan
Kota Menara, Amurang Timur, Minahasa Selatan
Ampana, Ampana , Tojo Una-Una
Ampana, Ampana Kota, Tojo Una-Una
Bailo, Ampana , Tojo Una-Una
Bailo, Ampana Kota, Tojo Una-Una
Dondo, Ampana , Tojo Una-Una
Dondo, Ampana Kota, Tojo Una-Una
Labuah, Ampana , Tojo Una-Una
Labuah, Ampana Kota, Tojo Una-Una
Malotong, Ampana , Tojo Una-Una
Malotong, Ampana Kota, Tojo Una-Una
Sansarino, Ampana , Tojo Una-Una
Sansarino, Ampana Kota, Tojo Una-Una
Sumoli, Ampana , Tojo Una-Una
Sumoli, Ampana Kota, Tojo Una-Una
Uentanaga Atas, Ampana , Tojo Una-Una
Uentanaga Atas, Ampana Kota, Tojo Una-Una
Uentanaga Bawah, Ampana , Tojo Una-Una
Uentanaga Bawah, Ampana Kota, Tojo Una-Una
Bonesompe, Poso Utara, Poso
Bonesompe, Poso Kota Utara, Poso
Bukit Bambu, Poso Selatan, Poso
Bukit Bambu, Poso Kota Selatan, Poso
Gebangrejo, Poso , Poso
Gebangrejo, Poso Kota, Poso
Kasintuwu, Poso Utara, Poso
Kasintuwu, Poso Kota Utara, Poso
Kawua, Poso Selatan, Poso
Kawua, Poso Kota Selatan, Poso
Lawanga, Poso Utara, Poso
Lawanga, Poso Kota Utara, Poso
Lombogia, Poso Utara, Poso
Lombogia, Poso Kota Utara, Poso
Madale, Poso Utara, Poso
Madale, Poso Kota Utara, Poso
Moengko Lama, Poso , Poso
Moengko Lama, Poso Kota, Poso
Moengko Baru, Poso , Poso
Moengko Baru, Poso Kota, Poso
Ranononcu, Poso Selatan, Poso
Ranononcu, Poso Kota Selatan, Poso
Sayo, Poso Selatan, Poso
Sayo, Poso Kota Selatan, Poso
Tegal Rejo, Poso Utara, Poso
Tegal Rejo, Poso Kota Utara, Poso
Nagaya, Bolano Lambunu, Parigi Moutong
Kota Nagaya, Bolano Lambunu, Parigi Moutong
Batam , Batam
Batam Kota, Batam
Marabahan , Marabahan, Barito Kuala
Marabahan Kota, Marabahan, Barito Kuala
Sidomukti, Kisaran Barat, Asahan
Sidomukti, Kota Kisaran Barat, Asahan
Tengah
Provinsi Tengah
Sungai Tabuk , Sungai Tabuk, Banjar
Sungai Tabuk Kota, Sungai Tabuk, Banjar
Pagatan, Kusan Hilir, Tanah Bumbu
Kota Pagatan, Kusan Hilir, Tanah Bumbu
Anjir Pasar , Anjir Pasar, Barito Kuala
Anjir Pasar Kota, Anjir Pasar, Barito Kuala
Anjir Pasar II, Anjir Pasar, Barito Kuala
Anjir Pasar Kota II, Anjir Pasar, Barito Kuala
Anjir Muara , Anjir Muara, Barito Kuala
Anjir Muara Kota, Anjir Muara, Barito Kuala
Anjir Muara Tengah, Anjir Muara, Barito Kuala
Anjir Muara Kota Tengah, Anjir Muara, Barito Kuala
Padang Sidempuan
Kota Padang Sidempuan
Raja, Amuntai Selatan, Hulu Sungai Utara
Kota Raja, Amuntai Selatan, Hulu Sungai Utara
Stadion Rakyat Guangdong
Stadion Rakyat Provinsi Guangdong
Pandau Hulu I, Medan , Medan
Pandau Hulu I, Medan Kota, Medan
Teladan Timur, Medan , Medan
Teladan Timur, Medan Kota, Medan
Teladan Barat, Medan , Medan
Teladan Barat, Medan Kota, Medan
Sudirejo II, Medan , Medan
Sudirejo II, Medan Kota, Medan
Sudirejo I, Medan , Medan
Sudirejo I, Medan Kota, Medan
Sitirejo I, Medan , Medan
Sitirejo I, Medan Kota, Medan
Sei Rengas I, Medan , Medan
Sei Rengas I, Medan Kota, Medan
Pusat Pasar, Medan , Medan
Pusat Pasar, Medan Kota, Medan
Pasar Merah Barat, Medan , Medan
Pasar Merah Barat, Medan Kota, Medan
Pasar Baru, Medan , Medan
Pasar Baru, Medan Kota, Medan
Mesjid, Medan , Medan
Mesjid, Medan Kota, Medan
matsum III, Medan , Medan
Kotamatsum III, Medan Kota, Medan
Sebelimbingan, Bangun, Kutai Kartanegara
Sebelimbingan, Kota Bangun, Kutai Kartanegara
Bunut, Kisaran Barat, Asahan
Bunut, Kota Kisaran Barat, Asahan
Raden Hulu, Amuntai Tengah, Hulu Sungai Utara
Kota Raden Hulu, Amuntai Tengah, Hulu Sungai Utara
Raden Hilir, Amuntai Tengah, Hulu Sungai Utara
Kota Raden Hilir, Amuntai Tengah, Hulu Sungai Utara
Dumai , Dumai Timur, Dumai
Dumai Kota, Dumai Timur, Dumai
Bengkalis , Bengkalis, Bengkalis
Bengkalis Kota, Bengkalis, Bengkalis
Paringin , Paringin, Balangan
Paringin Kota, Paringin, Balangan
Kandangan , Kandangan, Hulu Sungai Selatan
Kandangan Kota, Kandangan, Hulu Sungai Selatan
Baghlan
Provinsi Baghlan
Agung Barat, Tanggamus
Kota Agung Barat, Tanggamus
Agung Pusat, Tanggamus
Kota Agung Pusat, Tanggamus
Agung Timur, Tanggamus
Kota Agung Timur, Tanggamus
Baru, Kapuas Tengah, Kapuas
Kota Baru, Kapuas Tengah, Kapuas
Leeds
Kota Leeds
Medan
Kota Medan
Malinau Hilir, Malinau , Malinau
Malinau Hilir, Malinau Kota, Malinau
Malinau Hulu, Malinau , Malinau
Malinau Hulu, Malinau Kota, Malinau
Tanjung Keranjang, Malinau , Malinau
Tanjung Keranjang, Malinau Kota, Malinau
Samuda , Mentaya Hilir Selatan, waringin Timur
Samuda Kota, Mentaya Hilir Selatan, Kotawaringin Timur
Camba, Besi, waringin Timur
Camba, Kota Besi, Kotawaringin Timur
Bajarum, Besi, waringin Timur
Bajarum, Kota Besi, Kotawaringin Timur
Besi, Besi, waringin Timur
Kota Besi, Kota Besi, Kotawaringin Timur
Besi Hulu, Besi, waringin Timur
Kota Besi Hulu, Kota Besi, Kotawaringin Timur
Palangan, Besi, waringin Timur
Palangan, Kota Besi, Kotawaringin Timur
Pamalian, Besi, waringin Timur
Pamalian, Kota Besi, Kotawaringin Timur
Rasau Tumbuh, Besi, waringin Timur
Rasau Tumbuh, Kota Besi, Kotawaringin Timur
Simpur, Besi, waringin Timur
Simpur, Kota Besi, Kotawaringin Timur
Baros, Agung Pusat, Tanggamus
Baros, Kota Agung Pusat, Tanggamus
Pasar Madang, Agung Pusat, Tanggamus
Pasar Madang, Kota Agung Pusat, Tanggamus
Kuripan, Agung Pusat, Tanggamus
Kuripan, Kota Agung Pusat, Tanggamus
Baru KM 76, Wih Pesam, Bener Meriah
Desa Baru KM 76, Wih Pesam, Bener Meriah
Badghis
Provinsi Badghis
Poso Utara, Poso
Poso Kota Utara, Poso
Poso Selatan, Poso
Poso Kota Selatan, Poso
Komba, Manggarai Timur
Kota Komba, Manggarai Timur
RSUD Sumedang
RSUD Kabupaten Sumedang
Tebing Tinggi , Tebing Tinggi
Tebing Tinggi Kota, Tebing Tinggi
Gorontalo
Kota Gorontalo
Laboratorium Lingkungan Bitung
Laboratorium Lingkungan Kota Bitung
Tengah, Gorontalo
Kota Tengah, Gorontalo
Pasar Baru, Sibolga , Sibolga
Pasar Baru, Sibolga Kota, Sibolga
Pasar Belakang, Sibolga , Sibolga
Pasar Belakang, Sibolga Kota, Sibolga
Baringin, Sibolga , Sibolga
Kota Baringin, Sibolga Kota, Sibolga
Pancuran Gerobak, Sibolga , Sibolga
Pancuran Gerobak, Sibolga Kota, Sibolga
Tanjungbalai I, Tanjungbalai Selatan, Tanjungbalai
Tanjungbalai Kota I, Tanjungbalai Selatan, Tanjungbalai
Tanjungbalai II, Tanjungbalai Selatan, Tanjungbalai
Tanjungbalai Kota II, Tanjungbalai Selatan, Tanjungbalai
Tanjungbalai III, Tanjungbalai Utara, Tanjungbalai
Tanjungbalai Kota III, Tanjungbalai Utara, Tanjungbalai
Tanjungbalai IV, Tanjungbalai Utara, Tanjungbalai
Tanjungbalai Kota IV, Tanjungbalai Utara, Tanjungbalai
Baru, Tapung Hilir, Kampar
Kota Baru, Tapung Hilir, Kampar
Garo, Tapung Hilir, Kampar
Kota Garo, Tapung Hilir, Kampar
Lama, Kampar Kiri Hulu, Kampar
Kota Lama, Kampar Kiri Hulu, Kampar
Bangkinang , Bangkinang, Kampar
Bangkinang Kota, Bangkinang, Kampar
Baru, Siak Hulu, Kampar
Desa Baru, Siak Hulu, Kampar
Santa Elena
Provinsi Santa Elena
Baru Reteh, Keritang, Indragiri Hilir
Kota Baru Reteh, Keritang, Indragiri Hilir
Baru Seberida, Keritang, Indragiri Hilir
Kota Baru Seberida, Keritang, Indragiri Hilir
Santo Domingo de los Tsáchilas
Provinsi Santo Domingo de los Tsáchilas
Tembilahan , Tembilahan, Indragiri Hilir
Tembilahan Kota, Tembilahan, Indragiri Hilir
Rambung, Tebing Tinggi , Tebing Tinggi
Rambung, Tebing Tinggi Kota, Tebing Tinggi
Tebing Tinggi Lama, Tebing Tinggi , Tebing Tinggi
Tebing Tinggi Lama, Tebing Tinggi Kota, Tebing Tinggi
Badak Bejuang, Tebing Tinggi , Tebing Tinggi
Badak Bejuang, Tebing Tinggi Kota, Tebing Tinggi
Bandar Utama, Tebing Tinggi , Tebing Tinggi
Bandar Utama, Tebing Tinggi Kota, Tebing Tinggi
Mandailing, Tebing Tinggi , Tebing Tinggi
Mandailing, Tebing Tinggi Kota, Tebing Tinggi
Pasar Baru, Tebing Tinggi , Tebing Tinggi
Pasar Baru, Tebing Tinggi Kota, Tebing Tinggi
Pasar Gambir, Tebing Tinggi , Tebing Tinggi
Pasar Gambir, Tebing Tinggi Kota, Tebing Tinggi
Medan, Kelayang, Indragiri Hulu
Kota Medan, Kelayang, Indragiri Hulu
Simpang Medan, Kelayang, Indragiri Hulu
Simpang Kota Medan, Kelayang, Indragiri Hulu
Baru, Rakit Kulim, Indragiri Hulu
Kota Baru, Rakit Kulim, Indragiri Hulu
Lama, Rengat Barat, Indragiri Hulu
Kota Lama, Rengat Barat, Indragiri Hulu
Kampung Besar , Rengat, Indragiri Hulu
Kampung Besar Kota, Rengat, Indragiri Hulu
Pasar , Rengat, Indragiri Hulu
Pasar Kota, Rengat, Indragiri Hulu
Selat Panjang , Tebing Tinggi, Kepulauan Meranti
Selat Panjang Kota, Tebing Tinggi, Kepulauan Meranti
Pangkalan Kerinci , Pangkalan Kerinci, Pelalawan
Pangkalan Kerinci Kota, Pangkalan Kerinci, Pelalawan
Baru, Kunto Darussalam, Rokan Hulu
Kota Baru, Kunto Darussalam, Rokan Hulu
Intan, Kunto Darussalam, Rokan Hulu
Kota Intan, Kunto Darussalam, Rokan Hulu
Lama, Kunto Darussalam, Rokan Hulu
Kota Lama, Kunto Darussalam, Rokan Hulu
Raya, Kunto Darussalam, Rokan Hulu
Kota Raya, Kunto Darussalam, Rokan Hulu
Paret, Simpang Kanan, Rokan Hilir
Kota Paret, Simpang Kanan, Rokan Hilir
Tanjung Uban , Bintan Utara, Bintan
Tanjung Uban Kota, Bintan Utara, Bintan
Taman Baloi, Batam , Batam
Taman Baloi, Batam Kota, Batam
Baloi Permai, Batam , Batam
Baloi Permai, Batam Kota, Batam
Belian, Batam , Batam
Belian, Batam Kota, Batam
Teluk Tering, Batam , Batam
Teluk Tering, Batam Kota, Batam
Kijang , Bintan Timur, Bintan
Kijang Kota, Bintan Timur, Bintan
Sungai Panas, Batam , Batam
Sungai Panas, Batam Kota, Batam
Sukajadi, Batam , Batam
Sukajadi, Batam Kota, Batam
Lubuk Baja , Lubuk Baja, Batam
Lubuk Baja Kota, Lubuk Baja, Batam
Sagulung , Sagulung, Batam
Sagulung Kota, Sagulung, Batam
Ranai , Bunguran Timur, Natuna
Ranai Kota, Bunguran Timur, Natuna
Melayu Piring, Tanjung Pinang Timur, Tanjung Pinang
Melayu Kota Piring, Tanjung Pinang Timur, Tanjung Pinang
Kampung Bugis, Tanjung Pinang , Tanjung Pinang
Kampung Bugis, Tanjung Pinang Kota, Tanjung Pinang
Penyengat, Tanjung Pinang , Tanjung Pinang
Penyengat, Tanjung Pinang Kota, Tanjung Pinang
Senggarang, Tanjung Pinang , Tanjung Pinang
Senggarang, Tanjung Pinang Kota, Tanjung Pinang
Tanjung Pinang , Tanjung Pinang , Tanjung Pinang
Tanjung Pinang Kota, Tanjung Pinang Kota, Tanjung Pinang
Tanjung Batu , Kundur, Karimun
Tanjung Batu Kota, Kundur, Karimun
Meral , Meral, Karimun
Meral Kota, Meral, Karimun
, Singkep, Lingga
Kota, Singkep, Lingga
Agung, Uram Jaya, Lebong
Kota Agung, Uram Jaya, Lebong
Baru, Uram Jaya, Lebong
Kota Baru, Uram Jaya, Lebong
Barueh, Jantho, Aceh Besar
Barueh, Kota Jantho, Aceh Besar
Jantho Makmur, Jantho, Aceh Besar
Jantho Makmur, Kota Jantho, Aceh Besar
Jantho Meusar, Jantho, Aceh Besar
Jantho Meusar, Kota Jantho, Aceh Besar
Kuala Baru, Seberang , Tanjung Jabung Barat
Kuala Baru, Seberang Kota, Tanjung Jabung Barat
Teluk Pulai Raya, Seberang , Tanjung Jabung Barat
Teluk Pulai Raya, Seberang Kota, Tanjung Jabung Barat
Tungkal IV Desa, Seberang , Tanjung Jabung Barat
Tungkal IV Desa, Seberang Kota, Tanjung Jabung Barat
Tungkal V, Seberang , Tanjung Jabung Barat
Tungkal V, Seberang Kota, Tanjung Jabung Barat
Tungkal IV , Tungkal Ilir, Tanjung Jabung Barat
Tungkal IV Kota, Tungkal Ilir, Tanjung Jabung Barat
Batu , Malalayang, Manado
Batu Kota, Malalayang, Manado
Baru, Geragai, Tanjung Jabung Timur
Kota Baru, Geragai, Tanjung Jabung Timur
Simboling, Singkil, Aceh Singkil
Kota Simboling, Singkil, Aceh Singkil
Bukit Rata, Kuala Simpang, Aceh Tamiang
Bukit Rata, Kota Kuala Simpang, Aceh Tamiang
Bukit Tempurung, Kuala Simpang, Aceh Tamiang
Bukit Tempurung, Kota Kuala Simpang, Aceh Tamiang
Kampung , Kuala Simpang, Aceh Tamiang
Kampung Kota, Kota Kuala Simpang, Aceh Tamiang
Kebun Tengah, Kuala Simpang, Aceh Tamiang
Kebun Tengah, Kota Kuala Simpang, Aceh Tamiang
Kuala Simpang, Kuala Simpang, Aceh Tamiang
Kota Kuala Simpang, Kota Kuala Simpang, Aceh Tamiang
Lintang, Kuala Simpang, Aceh Tamiang
Kota Lintang, Kota Kuala Simpang, Aceh Tamiang
Perdamaian, Kuala Simpang, Aceh Tamiang
Perdamaian, Kota Kuala Simpang, Aceh Tamiang
Sriwijaya, Kuala Simpang, Aceh Tamiang
Sriwijaya, Kota Kuala Simpang, Aceh Tamiang
Sungai Liput, Kuala Simpang, Aceh Tamiang
Sungai Liput, Kota Kuala Simpang, Aceh Tamiang
Kalembu Kuni, Waikabubak, Sumba Barat
Kalembu Kuni, Kota Waikabubak, Sumba Barat
Kodaka, Waikabubak, Sumba Barat
Kodaka, Kota Waikabubak, Sumba Barat
Lapale, Waikabubak, Sumba Barat
Lapale, Kota Waikabubak, Sumba Barat
Tebara, Waikabubak, Sumba Barat
Tebara, Kota Waikabubak, Sumba Barat
Soba Rade, Waikabubak, Sumba Barat
Soba Rade, Kota Waikabubak, Sumba Barat
Kampung Baru, Waikabubak, Sumba Barat
Kampung Baru, Kota Waikabubak, Sumba Barat
Kampung Sawah, Waikabubak, Sumba Barat
Kampung Sawah, Kota Waikabubak, Sumba Barat
Wailiang, Waikabubak, Sumba Barat
Wailiang, Kota Waikabubak, Sumba Barat
Komerda, Waikabubak, Sumba Barat
Komerda, Kota Waikabubak, Sumba Barat
Pada Eweta, Waikabubak, Sumba Barat
Pada Eweta, Kota Waikabubak, Sumba Barat
Maliti, Waikabubak, Sumba Barat
Maliti, Kota Waikabubak, Sumba Barat
Hambala, Waingapu, Sumba Timur
Hambala, Kota Waingapu, Sumba Timur
Kamalaputi, Waingapu, Sumba Timur
Kamalaputi, Kota Waingapu, Sumba Timur
Kambajawa, Waingapu, Sumba Timur
Kambajawa, Kota Waingapu, Sumba Timur
Kambaniru, Waingapu, Sumba Timur
Kambaniru, Kota Waingapu, Sumba Timur
Lambanapu, Waingapu, Sumba Timur
Lambanapu, Kota Waingapu, Sumba Timur
Luku Wingir, Waingapu, Sumba Timur
Luku Wingir, Kota Waingapu, Sumba Timur
Malumbi, Waingapu, Sumba Timur
Malumbi, Kota Waingapu, Sumba Timur
Matawai, Waingapu, Sumba Timur
Matawai, Kota Waingapu, Sumba Timur
Mauhau, Waingapu, Sumba Timur
Mauhau, Kota Waingapu, Sumba Timur
Mauliru, Waingapu, Sumba Timur
Mauliru, Kota Waingapu, Sumba Timur
Prailiu, Waingapu, Sumba Timur
Prailiu, Kota Waingapu, Sumba Timur
Wangga, Waingapu, Sumba Timur
Wangga, Kota Waingapu, Sumba Timur
Kutacane, Babussalam, Aceh Tenggara
Kota Kutacane, Babussalam, Aceh Tenggara
Chaiya
Distrik Chaiya
Salibabu, Kepulauan Talaud
Kecamatan Salibabu, Kepulauan Talaud
Mon
Negara Bagian Mon
Lhoksukon, Lhoksukon, Aceh Utara
Kota Lhoksukon, Lhoksukon, Aceh Utara
Panton Labu, Tanah Jambo Aye, Aceh Utara
Kota Panton Labu, Tanah Jambo Aye, Aceh Utara
Bireun Meunasah Blang, Juang, Bireuen
Bireun Meunasah Blang, Kota Juang, Bireuen
Bireun Meunasah Capa, Juang, Bireuen
Bireun Meunasah Capa, Kota Juang, Bireuen
Bireun Meunasah Dayah, Juang, Bireuen
Bireun Meunasah Dayah, Kota Juang, Bireuen
Bireun Meunasah Reuleut, Juang, Bireuen
Bireun Meunasah Reuleut, Kota Juang, Bireuen
Bireun Meunasah Teungku Digadong, Juang, Bireuen
Bireun Meunasah Teungku Digadong, Kota Juang, Bireuen
Cot Gapu, Juang, Bireuen
Cot Gapu, Kota Juang, Bireuen
Geudong Alue, Juang, Bireuen
Geudong Alue, Kota Juang, Bireuen
Geudong-geudong, Juang, Bireuen
Geudong-geudong, Kota Juang, Bireuen
Geulanggang Baro, Juang, Bireuen
Geulanggang Baro, Kota Juang, Bireuen
Geulanggang Gampong, Juang, Bireuen
Geulanggang Gampong, Kota Juang, Bireuen
Geulanggang Kulam, Juang, Bireuen
Geulanggang Kulam, Kota Juang, Bireuen
Geulanggang Teungoh, Juang, Bireuen
Geulanggang Teungoh, Kota Juang, Bireuen
Bireuen, Juang, Bireuen
Kota Bireuen, Kota Juang, Bireuen
Lhok Awe Teungoh, Juang, Bireuen
Lhok Awe Teungoh, Kota Juang, Bireuen
Pulo Ara Geudong Teungoh, Juang, Bireuen
Pulo Ara Geudong Teungoh, Kota Juang, Bireuen
Pulo Kiton, Juang, Bireuen
Pulo Kiton, Kota Juang, Bireuen
Bunut Barat, Kisaran Barat, Asahan
Bunut Barat, Kota Kisaran Barat, Asahan
Dadi Mulyo, Kisaran Barat, Asahan
Dadi Mulyo, Kota Kisaran Barat, Asahan
Kisaran Barat, Kisaran Barat, Asahan
Kisaran Barat, Kota Kisaran Barat, Asahan
Kisaran Baru, Kisaran Barat, Asahan
Kisaran Baru, Kota Kisaran Barat, Asahan
Kisaran , Kisaran Barat, Asahan
Kisaran Kota, Kota Kisaran Barat, Asahan
Tegal Sari, Kisaran Barat, Asahan
Tegal Sari, Kota Kisaran Barat, Asahan
Sidodadi, Kisaran Barat, Asahan
Sidodadi, Kota Kisaran Barat, Asahan
Mekar Baru, Kisaran Barat, Asahan
Mekar Baru, Kota Kisaran Barat, Asahan
Sei Renggas, Kisaran Barat, Asahan
Sei Renggas, Kota Kisaran Barat, Asahan
Tebing Kisaran, Kisaran Barat, Asahan
Tebing Kisaran, Kota Kisaran Barat, Asahan
Sendang Sari, Kisaran Barat, Asahan
Sendang Sari, Kota Kisaran Barat, Asahan
Gambir Baru, Kisaran Timur, Asahan
Gambir Baru, Kota Kisaran Timur, Asahan
Karang Anyer, Kisaran Timur, Asahan
Karang Anyer, Kota Kisaran Timur, Asahan
Kedai Ledang, Kisaran Timur, Asahan
Kedai Ledang, Kota Kisaran Timur, Asahan
Kisaran Naga, Kisaran Timur, Asahan
Kisaran Naga, Kota Kisaran Timur, Asahan
Kisaran Timur, Kisaran Timur, Asahan
Kisaran Timur, Kota Kisaran Timur, Asahan
Lestari, Kisaran Timur, Asahan
Lestari, Kota Kisaran Timur, Asahan
Mutiara, Kisaran Timur, Asahan
Mutiara, Kota Kisaran Timur, Asahan
Teladan, Kisaran Timur, Asahan
Teladan, Kota Kisaran Timur, Asahan
Siumbut-umbut, Kisaran Timur, Asahan
Siumbut-umbut, Kota Kisaran Timur, Asahan
Selawan, Kisaran Timur, Asahan
Selawan, Kota Kisaran Timur, Asahan
Sentang, Kisaran Timur, Asahan
Sentang, Kota Kisaran Timur, Asahan
Siumbut Baru, Kisaran Timur, Asahan
Siumbut Baru, Kota Kisaran Timur, Asahan
Chiquimula
Departemen Chiquimula
El Petén
Departemen El Petén
El Quiché
Departemen El Quiché
Escuintla
Departemen Escuintla
Huehuetenango
Departemen Huehuetenango
Indrapura , Air Putih, Batu Bara
Indrapura Kota, Air Putih, Batu Bara
Lima Puluh , Limapuluh, Batu Bara
Lima Puluh Kota, Limapuluh, Batu Bara
Tanjung Tiram , Tanjung Tiram, Batu Bara
Tanjung Tiram Kota, Tanjung Tiram, Batu Bara
Izabal
Departemen Izabal
Quetzaltenango
Departemen Quetzaltenango
Sidikalang , Sidikalang, Dairi
Sidikalang Kota, Sidikalang, Dairi
Paku, Galang, Deli Serdang
Desa Paku, Galang, Deli Serdang
Galang , Galang, Deli Serdang
Galang Kota, Galang, Deli Serdang
Santa Rosa
Departemen Santa Rosa
Totonicapán
Departemen Totonicapán
Rantang, Hamparan Perak, Deli Serdang
Kota Rantang, Hamparan Perak, Deli Serdang
Samarinda , Samarinda
Samarinda Kota, Samarinda
Jawa, Punduh Pidada, Pesawaran
Kota Jawa, Punduh Pidada, Pesawaran
Ampah , Dusun Tengah, Barito Timur
Ampah Kota, Dusun Tengah, Barito Timur
Baru, Bulang Tengah Suku Ulu, Musi Rawas
Kota Baru, Bulang Tengah Suku Ulu, Musi Rawas
Raja, Sikur, Lombok Timur
Kota Raja, Sikur, Lombok Timur
Hadundung, Pinang, Labuhanbatu Selatan
Hadundung, Kota Pinang, Labuhanbatu Selatan
Mampang, Pinang, Labuhanbatu Selatan
Mampang, Kota Pinang, Labuhanbatu Selatan
Pasir Tuntung, Pinang, Labuhanbatu Selatan
Pasir Tuntung, Kota Pinang, Labuhanbatu Selatan
Perkebunan Nagodang, Pinang, Labuhanbatu Selatan
Perkebunan Nagodang, Kota Pinang, Labuhanbatu Selatan
Perkebunan Normark, Pinang, Labuhanbatu Selatan
Perkebunan Normark, Kota Pinang, Labuhanbatu Selatan
Perkebunan Sei Rumbia, Pinang, Labuhanbatu Selatan
Perkebunan Sei Rumbia, Kota Pinang, Labuhanbatu Selatan
Simatahari, Pinang, Labuhanbatu Selatan
Simatahari, Kota Pinang, Labuhanbatu Selatan
Sisumut, Pinang, Labuhanbatu Selatan
Sisumut, Kota Pinang, Labuhanbatu Selatan
Sosopan, Pinang, Labuhanbatu Selatan
Sosopan, Kota Pinang, Labuhanbatu Selatan
Pinang, Pinang, Labuhanbatu Selatan
Kota Pinang, Kota Pinang, Labuhanbatu Selatan
Aek Batu, Na IX-X, Labuhanbatu Utara
Aek Kota Batu, Na IX-X, Labuhanbatu Utara
Adian Jior, Panyabungan , Mandailing Natal
Adian Jior, Panyabungan Kota, Mandailing Natal
Aek Banir, Panyabungan , Mandailing Natal
Aek Banir, Panyabungan Kota, Mandailing Natal
Aek Mata, Panyabungan , Mandailing Natal
Aek Mata, Panyabungan Kota, Mandailing Natal
Dalan Lidang, Panyabungan , Mandailing Natal
Dalan Lidang, Panyabungan Kota, Mandailing Natal
Darussalam, Panyabungan , Mandailing Natal
Darussalam, Panyabungan Kota, Mandailing Natal
Gunung Barani, Panyabungan , Mandailing Natal
Gunung Barani, Panyabungan Kota, Mandailing Natal
Gunung Manaon, Panyabungan , Mandailing Natal
Gunung Manaon, Panyabungan Kota, Mandailing Natal
Huta Lombang Lubis, Panyabungan , Mandailing Natal
Huta Lombang Lubis, Panyabungan Kota, Mandailing Natal
Huta Siantar, Panyabungan , Mandailing Natal
Huta Siantar, Panyabungan Kota, Mandailing Natal
Siantar, Panyabungan , Mandailing Natal
Kota Siantar, Panyabungan Kota, Mandailing Natal
Lumban Pasir, Panyabungan , Mandailing Natal
Lumban Pasir, Panyabungan Kota, Mandailing Natal
Manyabar, Panyabungan , Mandailing Natal
Manyabar, Panyabungan Kota, Mandailing Natal
Panyabungan Jae, Panyabungan , Mandailing Natal
Panyabungan Jae, Panyabungan Kota, Mandailing Natal
Parbangunan, Panyabungan , Mandailing Natal
Parbangunan, Panyabungan Kota, Mandailing Natal
Pidoli Dolok, Panyabungan , Mandailing Natal
Pidoli Dolok, Panyabungan Kota, Mandailing Natal
Pidoli Dolok 2, Panyabungan , Mandailing Natal
Pidoli Dolok 2, Panyabungan Kota, Mandailing Natal
Salambue, Panyabungan , Mandailing Natal
Salambue, Panyabungan Kota, Mandailing Natal
Sarak Matua, Panyabungan , Mandailing Natal
Sarak Matua, Panyabungan Kota, Mandailing Natal
Sigalapang Julu, Panyabungan , Mandailing Natal
Sigalapang Julu, Panyabungan Kota, Mandailing Natal
Siobin Jae, Panyabungan , Mandailing Natal
Siobin Jae, Panyabungan Kota, Mandailing Natal
Siobon, Panyabungan , Mandailing Natal
Siobon, Panyabungan Kota, Mandailing Natal
Gunung Tua Jae, Panyabungan , Mandailing Natal
Gunung Tua Jae, Panyabungan Kota, Mandailing Natal
Sipapaga, Panyabungan , Mandailing Natal
Sipapaga, Panyabungan Kota, Mandailing Natal
Sopo Batu, Panyabungan , Mandailing Natal
Sopo Batu, Panyabungan Kota, Mandailing Natal
Gunung Tua Julu, Panyabungan , Mandailing Natal
Gunung Tua Julu, Panyabungan Kota, Mandailing Natal
Panyabungan I, Panyabungan , Mandailing Natal
Panyabungan I, Panyabungan Kota, Mandailing Natal
Sipolu Polu, Panyabungan , Mandailing Natal
Sipolu Polu, Panyabungan Kota, Mandailing Natal
Panyabungan II, Panyabungan , Mandailing Natal
Panyabungan II, Panyabungan Kota, Mandailing Natal
Saba Jambu, Panyabungan , Mandailing Natal
Saba Jambu, Panyabungan Kota, Mandailing Natal
Panyabungan III, Panyabungan , Mandailing Natal
Panyabungan III, Panyabungan Kota, Mandailing Natal
Pidoli Lombang, Panyabungan , Mandailing Natal
Pidoli Lombang, Panyabungan Kota, Mandailing Natal
Panyabungan Julu, Panyabungan , Mandailing Natal
Panyabungan Julu, Panyabungan Kota, Mandailing Natal
Pasar Hilir, Panyabungan , Mandailing Natal
Pasar Hilir, Panyabungan Kota, Mandailing Natal
Gunung Tua Tonga, Panyabungan , Mandailing Natal
Gunung Tua Tonga, Panyabungan Kota, Mandailing Natal
Panyabungan Tonga, Panyabungan , Mandailing Natal
Panyabungan Tonga, Panyabungan Kota, Mandailing Natal
Pagaran Tonga, Panyabungan , Mandailing Natal
Pagaran Tonga, Panyabungan Kota, Mandailing Natal
Kampung Padang, Panyabungan , Mandailing Natal
Kampung Padang, Panyabungan Kota, Mandailing Natal
Kayu Jati, Panyabungan , Mandailing Natal
Kayu Jati, Panyabungan Kota, Mandailing Natal
Moti, Moti, Ternate
Kota Moti, Moti, Ternate
Baru, Ternate Tengah, Ternate
Kota Baru, Ternate Tengah, Ternate
Mayang Mengurai, Baru, Jambi
Mayang Mengurai, Kota Baru, Jambi
Paal Lima, Baru, Jambi
Paal Lima, Kota Baru, Jambi
Rawasari, Baru, Jambi
Rawasari, Kota Baru, Jambi
Simpang Tiga Sipin, Baru, Jambi
Simpang Tiga Sipin, Kota Baru, Jambi
Sukakarya, Baru, Jambi
Sukakarya, Kota Baru, Jambi
Kenali Asam Bawah, Baru, Jambi
Kenali Asam Bawah, Kota Baru, Jambi
Kenali Asam Atas, Baru, Jambi
Kenali Asam Atas, Kota Baru, Jambi
Beliung, Baru, Jambi
Beliung, Kota Baru, Jambi
Bagan Pete, Baru, Jambi
Bagan Pete, Kota Baru, Jambi
Ratchaburi
Provinsi Ratchaburi
Amnat Charoen
Provinsi Amnat Charoen
Loei
Provinsi Loei
Khon Kaen
Provinsi Khon Kaen
Kalasin
Provinsi Kalasin
Chaiyaphum
Provinsi Chaiyaphum
Buriram
Provinsi Buriram
Stadion Batik
Stadion Kota Batik
Maha Sarakham
Provinsi Maha Sarakham
Auckland
Kota Auckland
Manukau
Kota Manukau
North Shore
Kota North Shore
Cachachi
Distrik Cachachi
Bangun, Medan Deli, Medan
Kota Bangun, Medan Deli, Medan
Botu, Timur, Gorontalo
Botu, Kota Timur, Gorontalo
Bugis, Timur, Gorontalo
Bugis, Kota Timur, Gorontalo
Heledulaa Selatan, Timur, Gorontalo
Heledulaa Selatan, Kota Timur, Gorontalo
Heledulaa Utara, Timur, Gorontalo
Heledulaa Utara, Kota Timur, Gorontalo
Ipilo, Timur, Gorontalo
Ipilo, Kota Timur, Gorontalo
Leato Selatan, Timur, Gorontalo
Leato Selatan, Kota Timur, Gorontalo
Leato Utara, Timur, Gorontalo
Leato Utara, Kota Timur, Gorontalo
Moodu, Timur, Gorontalo
Moodu, Kota Timur, Gorontalo
Padebuolo, Timur, Gorontalo
Padebuolo, Kota Timur, Gorontalo
Talumolo, Timur, Gorontalo
Talumolo, Kota Timur, Gorontalo
Tamalate, Timur, Gorontalo
Tamalate, Kota Timur, Gorontalo
Bulotadaa Barat, Utara, Gorontalo
Bulotadaa Barat, Kota Utara, Gorontalo
Bulotadaa Timur, Utara, Gorontalo
Bulotadaa Timur, Kota Utara, Gorontalo
Dembe II, Utara, Gorontalo
Dembe II, Kota Utara, Gorontalo
Dulomo Selatan, Utara, Gorontalo
Dulomo Selatan, Kota Utara, Gorontalo
Dulomo Utara, Utara, Gorontalo
Dulomo Utara, Kota Utara, Gorontalo
Molosipat U, Utara, Gorontalo
Molosipat U, Kota Utara, Gorontalo
Tapa, Utara, Gorontalo
Tapa, Kota Utara, Gorontalo
Wangkaditi Barat, Utara, Gorontalo
Wangkaditi Barat, Kota Utara, Gorontalo
Wangkaditi Timur, Utara, Gorontalo
Wangkaditi Timur, Kota Utara, Gorontalo
Dulalowo, Tengah, Gorontalo
Dulalowo, Kota Tengah, Gorontalo
Liluwo, Tengah, Gorontalo
Liluwo, Kota Tengah, Gorontalo
Paguyaman, Tengah, Gorontalo
Paguyaman, Kota Tengah, Gorontalo
Pulubala, Tengah, Gorontalo
Pulubala, Kota Tengah, Gorontalo
Wumialo, Tengah, Gorontalo
Wumialo, Kota Tengah, Gorontalo
Biawao, Selatan, Gorontalo
Biawao, Kota Selatan, Gorontalo
Biawu, Selatan, Gorontalo
Biawu, Kota Selatan, Gorontalo
Donggala, Selatan, Gorontalo
Donggala, Kota Selatan, Gorontalo
Limba B, Selatan, Gorontalo
Limba B, Kota Selatan, Gorontalo
Limba U I, Selatan, Gorontalo
Limba U I, Kota Selatan, Gorontalo
Limba U II, Selatan, Gorontalo
Limba U II, Kota Selatan, Gorontalo
Pohe, Selatan, Gorontalo
Pohe, Kota Selatan, Gorontalo
Siendeng, Selatan, Gorontalo
Siendeng, Kota Selatan, Gorontalo
Tanjung Keramat, Selatan, Gorontalo
Tanjung Keramat, Kota Selatan, Gorontalo
Tenda, Selatan, Gorontalo
Tenda, Kota Selatan, Gorontalo
Buladu, Barat, Gorontalo
Buladu, Kota Barat, Gorontalo
Buliide, Barat, Gorontalo
Buliide, Kota Barat, Gorontalo
Dembe I, Barat, Gorontalo
Dembe I, Kota Barat, Gorontalo
Lekobalo, Barat, Gorontalo
Lekobalo, Kota Barat, Gorontalo
Molosifat, Barat, Gorontalo
Molosifat, Kota Barat, Gorontalo
Pilolodaa, Barat, Gorontalo
Pilolodaa, Kota Barat, Gorontalo
Tenilo, Barat, Gorontalo
Tenilo, Kota Barat, Gorontalo
Kulon, Bondowoso, Bondowoso
Kota Kulon, Bondowoso, Bondowoso
Baning , Sintang, Sintang
Baning Kota, Sintang, Sintang
Uthai Thani
Provinsi Uthai Thani
Krabi
Provinsi Krabi
Baru, Tanjung Karang Timur, Bandar Lampung
Kota Baru, Tanjung Karang Timur, Bandar Lampung
Negara, Madang Suku II, Ogan Komering Ulu Timur
Kota Negara, Madang Suku II, Ogan Komering Ulu Timur
Akabiluru, Lima Puluh
Akabiluru, Lima Puluh Kota
Eumseong
Kabupaten Eumseong
Pagar , Bayung Lencir, Musi Banyuasin
Pagar Desa, Bayung Lencir, Musi Banyuasin
Pasar Krui, Pesisir Tengah, Pesisir Barat
Pasar Kota Krui, Pesisir Tengah, Pesisir Barat
Baru, Mekakau Ilir, Ogan Komering Ulu Selatan
Kota Baru, Mekakau Ilir, Ogan Komering Ulu Selatan
Dalam, Mekakau Ilir, Ogan Komering Ulu Selatan
Kota Dalam, Mekakau Ilir, Ogan Komering Ulu Selatan
Labuan, Ampana , Tojo Una-Una
Labuan, Ampana Kota, Tojo Una-Una
Padang Tumbuo, Ampana , Tojo Una-Una
Padang Tumbuo, Ampana Kota, Tojo Una-Una
Sabulira Toba, Ampana , Tojo Una-Una
Sabulira Toba, Ampana Kota, Tojo Una-Una
Dataran Tinggi Timur
Provinsi Dataran Tinggi Timur
Bandar Udara Internasional Capital
Bandar Udara Internasional Capital Region
Benteng , Tempilang, Bangka Barat
Benteng Kota, Tempilang, Bangka Barat
Lama Barat, Kunto Darussalam, Rokan Hulu
Kota Lama Barat, Kunto Darussalam, Rokan Hulu
Jaya, Lahat, Lahat
Kota Jaya, Lahat, Lahat
Negara, Lahat, Lahat
Kota Negara, Lahat, Lahat
Baru, Lahat, Lahat
Kota Baru, Lahat, Lahat
Raya, Lahat, Lahat
Kota Raya, Lahat, Lahat
Padang, Manna, Bengkulu Selatan
Kota Padang, Manna, Bengkulu Selatan
Lekat Ilir, Kerkap, Bengkulu Utara
Kota Lekat Ilir, Kerkap, Bengkulu Utara
Gading, Tebing Tinggi, Empat Lawang
Kota Gading, Tebing Tinggi, Empat Lawang
Gunung Ayu, Manna, Bengkulu Selatan
Gunung Ayu, Kota Manna, Bengkulu Selatan
Ibul, Manna, Bengkulu Selatan
Ibul, Kota Manna, Bengkulu Selatan
Kampung Baru, Manna, Bengkulu Selatan
Kampung Baru, Kota Manna, Bengkulu Selatan
Medan, Manna, Bengkulu Selatan
Kota Medan, Kota Manna, Bengkulu Selatan
Padang Kapuk, Manna, Bengkulu Selatan
Padang Kapuk, Kota Manna, Bengkulu Selatan
Pasar Baru, Manna, Bengkulu Selatan
Pasar Baru, Kota Manna, Bengkulu Selatan
Gelumbang, Manna, Bengkulu Selatan
Gelumbang, Kota Manna, Bengkulu Selatan
Padang Berangin, Manna, Bengkulu Selatan
Padang Berangin, Kota Manna, Bengkulu Selatan
Pagar Dewa, Manna, Bengkulu Selatan
Pagar Dewa, Kota Manna, Bengkulu Selatan
Padang Niur, Manna, Bengkulu Selatan
Padang Niur, Kota Manna, Bengkulu Selatan
Tebat Kubu, Manna, Bengkulu Selatan
Tebat Kubu, Kota Manna, Bengkulu Selatan
Kandis , Kandis, Siak
Kandis Kota, Kandis, Siak
Ringin, Mempura, Siak
Kota Ringin, Mempura, Siak
Pabian, Sumenep, Sumenep
Pabian, Kota Sumenep, Sumenep
Bangselok, Sumenep, Sumenep
Bangselok, Kota Sumenep, Sumenep
Karangduak, Sumenep, Sumenep
Karangduak, Kota Sumenep, Sumenep
Kepanjin, Sumenep, Sumenep
Kepanjin, Kota Sumenep, Sumenep
Pajagalan, Sumenep, Sumenep
Pajagalan, Kota Sumenep, Sumenep
Bangkal, Sumenep, Sumenep
Bangkal, Kota Sumenep, Sumenep
Kebonagung, Sumenep, Sumenep
Kebonagung, Kota Sumenep, Sumenep
Kacongan, Sumenep, Sumenep
Kacongan, Kota Sumenep, Sumenep
Pamolokan, Sumenep, Sumenep
Pamolokan, Kota Sumenep, Sumenep
Pandian, Sumenep, Sumenep
Pandian, Kota Sumenep, Sumenep
Pangarangan, Sumenep, Sumenep
Pangarangan, Kota Sumenep, Sumenep
Kebunan, Sumenep, Sumenep
Kebunan, Kota Sumenep, Sumenep
Kolor, Sumenep, Sumenep
Kolor, Kota Sumenep, Sumenep
Marengan Daya, Sumenep, Sumenep
Marengan Daya, Kota Sumenep, Sumenep
Paberasan, Sumenep, Sumenep
Paberasan, Kota Sumenep, Sumenep
Parsanga, Sumenep, Sumenep
Parsanga, Kota Sumenep, Sumenep
Maba, Halmahera Timur
Kota Maba, Halmahera Timur
Yehuwa, Poso Selatan, Poso
Yehuwa, Poso Kota Selatan, Poso
Seberang , Tanjung Jabung Barat
Seberang Kota, Tanjung Jabung Barat
Bandar Udara al County Eagle
Bandar Udara Regional County Eagle
Menggala , Menggala, Tulang Bawang
Menggala Kota, Menggala, Tulang Bawang
Tanah Rata, Komba, Manggarai Timur
Tanah Rata, Kota Komba, Manggarai Timur
Golo Meni, Komba, Manggarai Timur
Golo Meni, Kota Komba, Manggarai Timur
Golo Nderu, Komba, Manggarai Timur
Golo Nderu, Kota Komba, Manggarai Timur
Golo Tolang, Komba, Manggarai Timur
Golo Tolang, Kota Komba, Manggarai Timur
Gunung, Komba, Manggarai Timur
Gunung, Kota Komba, Manggarai Timur
Komba, Komba, Manggarai Timur
Komba, Kota Komba, Manggarai Timur
Lembur, Komba, Manggarai Timur
Lembur, Kota Komba, Manggarai Timur
Mbengan, Komba, Manggarai Timur
Mbengan, Kota Komba, Manggarai Timur
Mokel, Komba, Manggarai Timur
Mokel, Kota Komba, Manggarai Timur
Paan Leleng, Komba, Manggarai Timur
Paan Leleng, Kota Komba, Manggarai Timur
Pong Ruan, Komba, Manggarai Timur
Pong Ruan, Kota Komba, Manggarai Timur
Rana Kolong, Komba, Manggarai Timur
Rana Kolong, Kota Komba, Manggarai Timur
Rana Mbeling, Komba, Manggarai Timur
Rana Mbeling, Kota Komba, Manggarai Timur
Rongga Koe, Komba, Manggarai Timur
Rongga Koe, Kota Komba, Manggarai Timur
Ruan, Komba, Manggarai Timur
Ruan, Kota Komba, Manggarai Timur
Watu Nggene, Komba, Manggarai Timur
Watu Nggene, Kota Komba, Manggarai Timur
Mara , Umbu Ratu Nggay, Sumba Tengah
Mara Desa, Umbu Ratu Nggay, Sumba Tengah
Agung, Air Besi, Bengkulu Utara
Kota Agung, Air Besi, Bengkulu Utara
Agung, Tegineneng, Pesawaran
Kota Agung, Tegineneng, Pesawaran
Pemangkat , Pemangkat, Sambas
Pemangkat Kota, Pemangkat, Sambas
Aplasi, Kefamenanu, Timor Tengah Utara
Aplasi, Kota Kefamenanu, Timor Tengah Utara
Bansone, Kefamenanu, Timor Tengah Utara
Bansone, Kota Kefamenanu, Timor Tengah Utara
Benpasi, Kefamenanu, Timor Tengah Utara
Benpasi, Kota Kefamenanu, Timor Tengah Utara
Kefamenanu Selatan, Kefamenanu, Timor Tengah Utara
Kefamenanu Selatan, Kota Kefamenanu, Timor Tengah Utara
Kefamenanu Tengah, Kefamenanu, Timor Tengah Utara
Kefamenanu Tengah, Kota Kefamenanu, Timor Tengah Utara
Kefamenanu Utara, Kefamenanu, Timor Tengah Utara
Kefamenanu Utara, Kota Kefamenanu, Timor Tengah Utara
Sasi, Kefamenanu, Timor Tengah Utara
Sasi, Kota Kefamenanu, Timor Tengah Utara
Tubuhue, Kefamenanu, Timor Tengah Utara
Tubuhue, Kota Kefamenanu, Timor Tengah Utara
Raja, Ende Utara, Ende
Kota Raja, Ende Utara, Ende
Ratu, Ende Utara, Ende
Kota Ratu, Ende Utara, Ende
Uneng, Alok, Sikka
Kota Uneng, Alok, Sikka
Baru, Alok Timur, Sikka
Kota Baru, Alok Timur, Sikka
Waiwerang , Adonara Timur, Flores Timur
Waiwerang Kota, Adonara Timur, Flores Timur
Kalabahi , Teluk Mutiara, Alor
Kalabahi Kota, Teluk Mutiara, Alor
Dumai , Dumai
Dumai Kota, Dumai
Rimba Sekampung, Dumai , Dumai
Rimba Sekampung, Dumai Kota, Dumai
Laksamana, Dumai , Dumai
Laksamana, Dumai Kota, Dumai
Dumai , Dumai , Dumai
Dumai Kota, Dumai Kota, Dumai
Bintan, Dumai , Dumai
Bintan, Dumai Kota, Dumai
Sukajadi, Dumai , Dumai
Sukajadi, Dumai Kota, Dumai
Bao , Batu Lanteh, Sumbawa
Bao Desa, Batu Lanteh, Sumbawa
Selong , Selong, Lombok Timur
Selong Kota, Selong, Lombok Timur
Praja, Air Manjunto, Mukomuko
Kota Praja, Air Manjunto, Mukomuko
Littoral
Departemen Littoral
Mono
Departemen Mono
Ouémé
Departemen Ouémé
Plateau
Departemen Plateau
Zou
Departemen Zou
Chaoyang, Beijing
Distrik Chaoyang, Beijing
Fengtai
Distrik Fengtai
Mentougou
Distrik Mentougou
Tongzhou, Beijing
Distrik Tongzhou, Beijing
Beri, Brang Rea, Sumbawa Barat
Desa Beri, Brang Rea, Sumbawa Barat
Bonthe
Distrik Bonthe
Bombali
Distrik Bombali
Kailahun
Distrik Kailahun
Kambia
Distrik Kambia
Kenema
Distrik Kenema
Koinadugu
Distrik Koinadugu
Kono
Distrik Kono
Moyamba
Distrik Moyamba
Port Loko
Distrik Port Loko
Pujehun
Distrik Pujehun
Tonkolili
Distrik Tonkolili
Pedesaan Wilayah Barat
Distrik Pedesaan Wilayah Barat
Perkotaan Wilayah Barat
Distrik Perkotaan Wilayah Barat
Bo
Distrik Bo
Timur, Sierra Leone
Provinsi Timur, Sierra Leone
Utara, Sierra Leone
Provinsi Utara, Sierra Leone
Selatan, Sierra Leone
Provinsi Selatan, Sierra Leone
Masvingo
Provinsi Masvingo
Mukdahan
Provinsi Mukdahan
Nakhon Phanom
Provinsi Nakhon Phanom
Nong Bua Lamphu
Provinsi Nong Bua Lamphu
Trang
Provinsi Trang
Phetchaburi
Provinsi Phetchaburi
Trat
Provinsi Trat
Suphan Buri
Provinsi Suphan Buri
Nong Khai
Provinsi Nong Khai
Sa Kaeo
Provinsi Sa Kaeo
Chumphon
Provinsi Chumphon
Prachuap Khiri Khan
Provinsi Prachuap Khiri Khan
Ranong
Provinsi Ranong
Nakhon Si Thammarat
Provinsi Nakhon Si Thammarat
Phatthalung
Provinsi Phatthalung
Phang Nga
Provinsi Phang Nga
Songkhla
Provinsi Songkhla
Surat Thani
Provinsi Surat Thani
Kayin
Negara Bagian Kayin
Roi Et
Provinsi Roi Et
Sakon Nakhon
Provinsi Sakon Nakhon
Sisaket
Provinsi Sisaket
Surin
Provinsi Surin
Air Mata, Lama, Kupang
Air Mata, Kota Lama, Kupang
Barat, Sri Lanka
Provinsi Barat, Sri Lanka
Lama, Kupang
Kota Lama, Kupang
Raja, Kupang
Kota Raja, Kupang
Oeba, Lama, Kupang
Oeba, Kota Lama, Kupang
Bandar Udara Internasional Jembrana
Bandar Udara Internasional Kota Jembrana
Waisai, Raja Ampat
Kota Waisai, Raja Ampat
Barat, Papua Nugini
Provinsi Barat, Papua Nugini
Urgench
Distrik Urgench
Bog'ot
Distrik Bog'ot
Jongno
Distrik Jongno
Antártica Chilena
Provinsi Antártica Chilena
Poso
Kota Poso
Pegunungan Selatan
Provinsi Pegunungan Selatan
Dataran Tinggi Barat
Provinsi Dataran Tinggi Barat
Enga
Provinsi Enga
Helmand
Provinsi Helmand
Jowzjan
Provinsi Jowzjan
Bandar Udara al Ha'il
Bandar Udara Regional Ha'il
Bandar Udara al Jizan
Bandar Udara Regional Jizan
Irlandia Baru
Provinsi Irlandia Baru
Kabul, Afganistan
Distrik Kabul, Afganistan
Artibonite
Departemen Artibonite
Centre
Departemen Centre
Grand'Anse
Departemen Grand'Anse
Balkh, Afganistan
Distrik Balkh, Afganistan
Pangandaran
Kabupaten Pangandaran
Pohnpei
Negara bagian Pohnpei
Pesisir Barat
Kabupaten Pesisir Barat
Rakhine
Negara Bagian Rakhine
Stadion Toulouse
Stadion Kota Toulouse
Manokwari Selatan
Kabupaten Manokwari Selatan
Pegunungan Arfak
Kabupaten Pegunungan Arfak
Mahakam Ulu
Kabupaten Mahakam Ulu
Penukal Abab Lematang Ilir
Kabupaten Penukal Abab Lematang Ilir
Malaka
Kabupaten Malaka
Pulau Taliabu
Kabupaten Pulau Taliabu
Mamuju Tengah
Kabupaten Mamuju Tengah
Banggai Laut
Kabupaten Banggai Laut
Kolaka Timur
Kabupaten Kolaka Timur
Tanjung Selor
Kota Tanjung Selor
Tanjung Berlian , Kundur Utara, Karimun
Tanjung Berlian Kota, Kundur Utara, Karimun
Galela
Kota Galela
Dobong
Distrik Dobong
Dongdaemun
Distrik Dongdaemun
Dongjak
Distrik Dongjak
Eunpyeong
Distrik Eunpyeong
Gangbuk
Distrik Gangbuk
Gangdong
Distrik Gangdong
Gangnam
Distrik Gangnam
Gangseo, Seoul
Distrik Gangseo, Seoul
Geumcheon
Distrik Geumcheon
Agung, Seluma Timur, Seluma
Kota Agung, Seluma Timur, Seluma
Guro
Distrik Guro
Gwanak
Distrik Gwanak
Gwangjin
Distrik Gwangjin
Jung, Seoul
Distrik Jung, Seoul
Jungnang
Distrik Jungnang
Mapo
Distrik Mapo
Nowon
Distrik Nowon
Seocho
Distrik Seocho
Seodaemun
Distrik Seodaemun
Seongbuk
Distrik Seongbuk
Seongdong
Distrik Seongdong
Songpa
Distrik Songpa
Yangcheon
Distrik Yangcheon
Yeongdeungpo
Distrik Yeongdeungpo
Yongsan
Distrik Yongsan
Bandar Udara B?l?i
Bandar Udara Kota B?l?i
Morowali Utara
Kabupaten Morowali Utara
Konawe Kepulauan
Kabupaten Konawe Kepulauan
Kademangan
Kota Kademangan
Mukomuko , Mukomuko
Kota Mukomuko , Mukomuko
