, Kesambi, Cirebon
, Klaten Tengah, Klaten
, Kudus
, Singkep, Lingga
Aceh Barat
Aceh Barat Daya
Aceh Besar
Aceh Jaya
Aceh Selatan
Aceh Singkil
Aceh Tamiang
Aceh Tengah
Aceh Tenggara
Aceh Timur
Aceh Utara
Adian Jior, Panyabungan , Mandailing Natal
Aek  Batu, Na IX-X, Labuhanbatu Utara
Aek Banir, Panyabungan , Mandailing Natal
Aek Mata, Panyabungan , Mandailing Natal
Agam
Aguascalientes
Agung Barat, Tanggamus
Agung Pusat, Tanggamus
Agung Timur, Tanggamus
Agung, Air Besi, Bengkulu Utara
Agung, Lahat
Agung, Seluma Timur, Seluma
Agung, Tegineneng, Pesawaran
Agung, Uram Jaya, Lebong
Aileu
Ain
Air Mata,  Lama, Kupang
Aire
Akabiluru, Lima Puluh
Al Jazirah
Alessandria
Almaty
Alor
Alzou
Ambon
Amnat Charoen
Ampah , Dusun Tengah, Barito Timur
Ampana , Tojo Una-Una
Ampana, Ampana , Tojo Una-Una
Anjir Muara  Tengah, Anjir Muara, Barito Kuala
Anjir Muara , Anjir Muara, Barito Kuala
Anjir Pasar  II, Anjir Pasar, Barito Kuala
Anjir Pasar , Anjir Pasar, Barito Kuala
Antártica Chilena
Apeldoorn
Aplasi,  Kefamenanu, Timor Tengah Utara
Ararat
Arc
Armavir
Asahan
Ashok Park Main
Asmat
Atas, Sukakarya, Sabang
Athena
Avre
Azuay
Babelan , Babelan, Bekasi
Badak Bejuang, Tebing Tinggi , Tebing Tinggi
Badakhshan
Badghis
Badung
Bagan , Bangko, Rokan Hilir
Bagan Pete,  Baru, Jambi
Baharu, Aceh Singkil
Bailo, Ampana , Tojo Una-Una
Baja California
Bajarum,  Besi, waringin Timur
Balangan
Balikpapan
Baloi Permai, Batam , Batam
Bambu, Palmerah, Jakarta Barat
Bamiyan
Bamo,  Komba, Manggarai Timur
Banda Aceh
Bandar Lampung
Bandar Udara  B?l?i
Bandar Udara Eureka
Bandar Udara Gaya
Bandar Udara Internasional  Jembrana
Bandar Udara Internasional  Kinabalu
Bandar Udara Internasional Ibu  Beijing
Bandar Udara Kepulauan Cocos
Bandar Udara Olds
Bandar Udara Pemba
Bandar Udara Stony Plain
Bandar Udara Strathmore
Bandar Udara Trout Lake
Bandar Udara Wilson
Bandar Utama, Tebing Tinggi , Tebing Tinggi
Bandung
Bandung Barat
Banggai
Banggai Kepulauan
Banggai Laut
Bangka
Bangka Barat
Bangka Selatan
Bangka Tengah
Bangkal,  Sumenep, Sumenep
Bangkalan
Bangkinang , Bangkinang, Kampar
Bangli
Bangselok,  Sumenep, Sumenep
Bangun I,  Bangun, Kutai Kartanegara
Bangun II,  Bangun, Kutai Kartanegara
Bangun III,  Bangun, Kutai Kartanegara
Bangun Ilir,  Bangun, Kutai Kartanegara
Bangun Seberang,  Bangun, Kutai Kartanegara
Bangun Ulu,  Bangun, Kutai Kartanegara
Bangun, Kutai Kartanegara
Bangun, Medan Deli, Medan
Baning , Sintang, Sintang
Banjar
Banjarbaru
Banjarmasin
Banjarnegara
Bansone,  Kefamenanu, Timor Tengah Utara
Bantaeng
Bantul
Banyuasin
Banyumas
Banyuwangi
Bao , Batu Lanteh, Sumbawa
Baquedano
Barat, Gorontalo
Barat, Papua Nugini
Barat, Sri Lanka
Baringin, Sibolga , Sibolga
Barito Kuala
Barito Selatan
Barito Timur
Barito Utara
Barneveld
Barongan, , Kudus
Baros,  Agung Pusat, Tanggamus
Barru
Baru KM 76, Wih Pesam, Bener Meriah
Baru Reteh, Keritang, Indragiri Hilir
Baru Seberida, Keritang, Indragiri Hilir
Baru, Alok Timur, Sikka
Baru, Bekasi Barat, Bekasi
Baru, Bulang Tengah Suku Ulu, Musi Rawas
Baru, Geragai, Tanjung Jabung Timur
Baru, Jambi
Baru, Kapuas Tengah, Kapuas
Baru, Kunto Darussalam, Rokan Hulu
Baru, Lahat, Lahat
Baru, Mekakau Ilir, Ogan Komering Ulu Selatan
Baru, Pekanbaru , Pekanbaru
Baru, Pontianak Selatan, Pontianak
Baru, Rakit Kulim, Indragiri Hulu
Baru, Siak Hulu, Kampar
Baru, Tanjung Karang Timur, Bandar Lampung
Baru, Tapung Hilir, Kampar
Baru, Ternate Tengah, Ternate
Baru, Uram Jaya, Lebong
Barueh,  Jantho, Aceh Besar
Batam , Batam
Batang
Batanghari
Batu
Batu , Malalayang, Manado
Batu Bara
Batu Lidung, Malinau , Malinau
Batu, Ciomas, Bogor
Bau-Bau
Baucau
Bawah Barat, Sukakarya, Sabang
Bawah Timur, Sukakarya, Sabang
Beauronne
Bekasi
Belian, Batam , Batam
Belitung
Belitung Timur
Beliung,  Baru, Jambi
Belu
Bener Meriah
Bengkalis
Bengkalis , Bengkalis, Bengkalis
Bengkayang
Bengkulu Selatan
Bengkulu Tengah
Bengkulu Utara
Benpasi,  Kefamenanu, Timor Tengah Utara
Benteng , Tempilang, Bangka Barat
Benua Baru,  Bangun, Kutai Kartanegara
Berau
Bergen
Beri, Brang Rea, Sumbawa Barat
Berngam, Binjai , Binjai
Besi Hulu,  Besi, waringin Timur
Besi,  Besi, waringin Timur
Besi, waringin Timur
Biak , Biak Numfor
Biak Numfor
Biawao,  Selatan, Gorontalo
Biawu,  Selatan, Gorontalo
Bima
Binjai
Binjai , Binjai
Binjai, Binjai , Binjai
Bintan
Bintan, Dumai , Dumai
Bireuen
Bireuen,  Juang, Bireuen
Bireun Meunasah Blang,  Juang, Bireuen
Bireun Meunasah Capa,  Juang, Bireuen
Bireun Meunasah Dayah,  Juang, Bireuen
Bireun Meunasah Reuleut,  Juang, Bireuen
Bireun Meunasah Teungku Digadong,  Juang, Bireuen
Bistri?a
Bitung
Bjelovar-Bilogora
Blitar
Blora
Boalemo
Bogor
Bojonegoro
Bokeo
Bolaang Mongondow
Bolaang Mongondow Selatan
Bolaang Mongondow Timur
Bolaang Mongondow Utara
Bolívar
Bombana
Bondowoso
Bone
Bone Bolango
Bonesompe, Poso  Utara, Poso
Bontang
Borno
Botu,  Timur, Gorontalo
Boven Digoel
Boyolali
Brebes
Brest
Brione
Brod-Posavina
Bugis,  Timur, Gorontalo
Bugis, Samarinda , Samarinda
Bukit Bambu, Poso  Selatan, Poso
Bukit Barisan, Lima Puluh
Bukit Rata,  Kuala Simpang, Aceh Tamiang
Bukit Tempurung,  Kuala Simpang, Aceh Tamiang
Bukittinggi
Buladu,  Barat, Gorontalo
Buleleng
Buliide,  Barat, Gorontalo
Bulotadaa Barat,  Utara, Gorontalo
Bulotadaa Timur,  Utara, Gorontalo
Bulukumba
Bulungan
Bungo
Bunut Barat,  Kisaran Barat, Asahan
Bunut,  Kisaran Barat, Asahan
Buol
Buren
Burikan, , Kudus
Buriram
Buru
Buru Selatan
Buton
Buton Utara
Camba,  Besi, waringin Timur
Campeche
Carchi
Carpi
Cartago
Catamarca
Cañar
Chaco
Chaiyaphum
Champasak
Chiang Mai
Chihuahua
Chimborazo
Chubut
Chumphon
Ciamis
Cianjur
Cikampek , Cikampek, Karawang
Cikarang , Cikarang Utara, Bekasi
Cilacap
Cilegon
Cimahi
Cimuncang, Garut , Garut
Cirebon
Ciwalen, Garut , Garut
Colima
Corrientes
Cot Gapu,  Juang, Bireuen
Cotopaxi
Covalima
Csongrád
Cuneo
Córdoba
Dadi Mulyo,  Kisaran Barat, Asahan
Daerah Ibu  Brussel
Dairi
Dak Lak
Dalam, Mekakau Ilir, Ogan Komering Ulu Selatan
Dalan Lidang, Panyabungan , Mandailing Natal
Damaran, , Kudus
Darat Sekip, Pontianak , Pontianak
Darussalam, Panyabungan , Mandailing Natal
Datar, Hamparan Perak, Deli Serdang
Dataran Tinggi Barat
Dataran Tinggi Timur
Deiyai
Deli Serdang
Demaan, , Kudus
Demak
Demangan, , Kudus
Dembe I,  Barat, Gorontalo
Dembe II,  Utara, Gorontalo
Denpasar
Departemen Santa Rosa
Deurne
Dharmasraya
Diffa
Dilshad Garden
Djibouti
Dogiyai
Dompu
Dondo, Ampana , Tojo Una-Una
Donggala
Donggala,  Selatan, Gorontalo
Dubrovnik-Neretva
Dulalowo,  Tengah, Gorontalo
Dulomo Selatan,  Utara, Gorontalo
Dulomo Utara,  Utara, Gorontalo
Dumai
Dumai , Dumai
Dumai , Dumai , Dumai
Dumai , Dumai Timur, Dumai
Durango
Dwarka Sector 21
Díli
Ecuador
Ede
El Oro
Empat Lawang
Ende
Enga
Enrekang
Entre Ríos
Escuela Militar
Esmeraldas
Estación Central
Eumseong
Fakfak
Flores Timur
Formosa
Gading, Tebing Tinggi, Empat Lawang
Gajah, Lampung Tengah
Galang , Galang, Deli Serdang
Galela
Galuh, Perbaungan, Serdang Bedagai
Galápagos
Gambir Baru,  Kisaran Timur, Asahan
Garo, Tapung Hilir, Kampar
Garut
Garut , Garut
Gayo Lues
Gebangrejo, Poso , Poso
Gelumbang,  Manna, Bengkulu Selatan
Geudong Alue,  Juang, Bireuen
Geudong-geudong,  Juang, Bireuen
Geulanggang Baro,  Juang, Bireuen
Geulanggang Gampong,  Juang, Bireuen
Geulanggang Kulam,  Juang, Bireuen
Geulanggang Teungoh,  Juang, Bireuen
Gianyar
Gimpo
Glantengan, , Kudus
Glugur , Medan Barat, Medan
Golo Meni,  Komba, Manggarai Timur
Golo Nderu,  Komba, Manggarai Timur
Golo Tolang,  Komba, Manggarai Timur
Gorontalo Utara
Gowa
Gresik
Grobogan
Guanajuato
Guatemala
Guayas
Guguk, Lima Puluh
Gunung Ayu,  Manna, Bengkulu Selatan
Gunung Barani, Panyabungan , Mandailing Natal
Gunung Kidul
Gunung Manaon, Panyabungan , Mandailing Natal
Gunung Mas
Gunung Omeh, Lima Puluh
Gunung Tua Jae, Panyabungan , Mandailing Natal
Gunung Tua Julu, Panyabungan , Mandailing Natal
Gunung Tua Tonga, Panyabungan , Mandailing Natal
Gunung,  Komba, Manggarai Timur
Gunungsitoli
H? Chí Minh
HUDA City Centre
Hadundung,  Pinang, Labuhanbatu Selatan
Halmahera Barat
Halmahera Selatan
Halmahera Tengah
Halmahera Timur
Halmahera Utara
Hambala,  Waingapu, Sumba Timur
Hanjalipan,  Besi, waringin Timur
Harau, Lima Puluh
Haren
Heledulaa Selatan,  Timur, Gorontalo
Heledulaa Utara,  Timur, Gorontalo
Helmand
Heredia
Hidalgo
Homiel
Houaphan
Hulu Sungai Selatan
Hulu Sungai Tengah
Hulu Sungai Utara
Humbang Hasundutan
Huta Lombang Lubis, Panyabungan , Mandailing Natal
Huta Siantar, Panyabungan , Mandailing Natal
Ibul,  Manna, Bengkulu Selatan
Ica
Imbabura
Inderlok
Indragiri Hilir
Indragiri Hulu
Indramayu
Indrapura , Air Putih, Batu Bara
Intan Jaya
Intan, Kunto Darussalam, Rokan Hulu
Ipar Bondar, Panyabungan , Mandailing Natal
Ipilo,  Timur, Gorontalo
Irlandia Baru
Isfahan
Istria
Jahangirpuri
Jakarta Barat
Jakarta Pusat
Jakarta Selatan
Jakarta Timur
Jakarta Utara
Jambi Luar , Muaro Jambi
Janggalan, , Kudus
Jantho Makmur,  Jantho, Aceh Besar
Jantho Meusar,  Jantho, Aceh Besar
Jantho, Aceh Besar
Jawa, Punduh Pidada, Pesawaran
Jaya, Lahat, Lahat
Jayapura
Jayawijaya
Jember
Jembrana
Jeneponto
Jepara
Jilin
Jombang
Jonggon , Loa Kulu, Kutai Kartanegara
Jowzjan
Juang, Bireuen
Jujuy
Kacongan,  Sumenep, Sumenep
Kademangan
Kaimana
Kajeksan, , Kudus
Kalabahi , Teluk Mutiara, Alor
Kalasin
Kalembu Kuni,  Waikabubak, Sumba Barat
Kaliputu, , Kudus
Kamalaputi,  Waingapu, Sumba Timur
Kambajawa,  Waingapu, Sumba Timur
Kambaniru,  Waingapu, Sumba Timur
Kampar
Kampung ,  Kuala Simpang, Aceh Tamiang
Kampung Baru,  Manna, Bengkulu Selatan
Kampung Baru,  Waikabubak, Sumba Barat
Kampung Besar , Rengat, Indragiri Hulu
Kampung Bugis, Tanjung Pinang , Tanjung Pinang
Kampung Padang, Panyabungan , Mandailing Natal
Kampung Sawah,  Waikabubak, Sumba Barat
Kandan,  Besi, waringin Timur
Kandangan , Kandangan, Hulu Sungai Selatan
Kandis , Kandis, Siak
Kapuas
Kapuas Hulu
Kapur IX, Lima Puluh
Karakul
Karang Anyer,  Kisaran Timur, Asahan
Karang Mumus, Samarinda , Samarinda
Karanganyar
Karangasem
Karangduak,  Sumenep, Sumenep
Karangduwur
Karangtengah , Ngawi, Ngawi
Karawang
Karimun
Karlovac
Karo
Kartini, Binjai , Binjai
Kashmere Gate
Kasintuwu, Poso  Utara, Poso
Kassala
Katingan
Katwijk
Kauman, , Kudus
Kaur
Kawua, Poso  Selatan, Poso
Kayamanya, Poso , Poso
Kayong Utara
Kayu Jati, Panyabungan , Mandailing Natal
Kazakhstan Selatan
Kazakhstan Timur
Kebonagung,  Sumenep, Sumenep
Kebumen
Kebun Tengah,  Kuala Simpang, Aceh Tamiang
Kebunan,  Sumenep, Sumenep
Kedai Ledang,  Kisaran Timur, Asahan
Kedang Ipil,  Bangun, Kutai Kartanegara
Kedang Murung,  Bangun, Kutai Kartanegara
Kediri
Keerom
Kefamenanu Selatan,  Kefamenanu, Timor Tengah Utara
Kefamenanu Tengah,  Kefamenanu, Timor Tengah Utara
Kefamenanu Utara,  Kefamenanu, Timor Tengah Utara
Kefamenanu, Timor Tengah Utara
Kegubernuran Al-Asimah
Kemala Putih,  Waingapu, Sumba Timur
Kenali Asam Atas,  Baru, Jambi
Kenali Asam Bawah,  Baru, Jambi
Kenali Besar,  Baru, Jambi
Kendal
Kendari
Kepahiang
Kepanjin,  Sumenep, Sumenep
Kepulauan Anambas
Kepulauan Aru
Kepulauan Mentawai
Kepulauan Meranti
Kepulauan Sangihe
Kepulauan Selayar
Kepulauan Seribu
Kepulauan Siau Tagulandang Biaro
Kepulauan Sula
Kepulauan Talaud
Kepulauan Yapen
Kerinci
Kerjasan, , Kudus
Ketapang
Khammouan
Khartum
Khon Kaen
Kijang , Bintan Timur, Bintan
Kinabalu
Kirkuk
Kirti Nagar
Kisaran ,  Kisaran Barat, Asahan
Kisaran Barat,  Kisaran Barat, Asahan
Kisaran Baru,  Kisaran Barat, Asahan
Kisaran Naga,  Kisaran Timur, Asahan
Kisaran Timur,  Kisaran Timur, Asahan
Klaten
Klungkung
Kodaka,  Waikabubak, Sumba Barat
Kolaka
Kolaka Timur
Kolaka Utara
Kolor,  Sumenep, Sumenep
Kolot, Cilawu, Garut
Komba,  Komba, Manggarai Timur
Komba, Manggarai Timur
Komerda,  Waikabubak, Sumba Barat
Konawe
Konawe Kepulauan
Konawe Selatan
Konawe Utara
Koprivnica-Križevci
Kotabaru
Kotawaringin Barat
Kotawaringin Timur
Krabi
Kramat, , Kudus
Krandon, , Kudus
Krapina-Zagorje
Kuala Baru, Seberang , Tanjung Jabung Barat
Kuala Simpang,  Kuala Simpang, Aceh Tamiang
Kuala Simpang, Aceh Tamiang
Kuantan Singingi
Kubu Raya
Kudus
Kulon Progo
Kulon, Bondowoso, Bondowoso
Kulon, Garut , Garut
Kuningan
Kupang
Kuripan,  Agung Pusat, Tanggamus
Kutacane, Babussalam, Aceh Tenggara
Kutai Barat
Kutai Kartanegara
Kutai Timur
La Cisterna
La Moneda
Laboratorium Lingkungan  Bitung
Labuah, Ampana , Tojo Una-Una
Labuan, Ampana , Tojo Una-Una
Labuhanbatu
Labuhanbatu Selatan
Labuhanbatu Utara
Lahat
Laksamana, Dumai , Dumai
Lama Barat, Kunto Darussalam, Rokan Hulu
Lama, Kampar Kiri Hulu, Kampar
Lama, Kunto Darussalam, Rokan Hulu
Lama, Kupang
Lama, Rengat Barat, Indragiri Hulu
Lamandau
Lambanapu,  Waingapu, Sumba Timur
Lamongan
Lampung Barat
Lampung Selatan
Lampung Tengah
Lampung Timur
Lampung Utara
Landak
Langgardalem, , Kudus
Langkat
Langsa
Langsa , Langsa
Lanny Jaya
Lapale,  Waikabubak, Sumba Barat
Lareh Sago Halaban, Lima Puluh
Las Rejas
Lawanga, Poso  Utara, Poso
Leato Selatan,  Timur, Gorontalo
Leato Utara,  Timur, Gorontalo
Lebak
Lebong
Leek
Lekat Ilir, Kerkap, Bengkulu Utara
Lekobalo,  Barat, Gorontalo
Lembata
Lembomawo, Poso  Selatan, Poso
Lembur,  Komba, Manggarai Timur
Lestari,  Kisaran Timur, Asahan
Lhok Awe Teungoh,  Juang, Bireuen
Lhoksukon, Lhoksukon, Aceh Utara
Liang Ulu,  Bangun, Kutai Kartanegara
Liang,  Bangun, Kutai Kartanegara
Lika-Senj
Liluwo,  Tengah, Gorontalo
Lima Puluh , Limapuluh, Batu Bara
Lima Puluh Kota
Limba B,  Selatan, Gorontalo
Limba U I,  Selatan, Gorontalo
Limba U II,  Selatan, Gorontalo
Lingga
Lintang,  Kuala Simpang, Aceh Tamiang
Liquiçá
Liverpool
Llanquihue
Loa Kulu , Loa Kulu, Kutai Kartanegara
Loei
Loleng,  Bangun, Kutai Kartanegara
Lombogia, Poso  Utara, Poso
Lombok Barat
Lombok Tengah
Lombok Timur
Lombok Utara
Loppersum
Los Dominicos
Los Héroes
Los Ríos
Lubuk Baja , Lubuk Baja, Batam
Luhak, Lima Puluh
Luku Wingir,  Waingapu, Sumba Timur
Lumajang
Lumban Pasir, Panyabungan , Mandailing Natal
Luwu
Luwu Timur
Luwu Utara
Madale, Poso  Utara, Poso
Madiun
Magelang
Magetan
Maha Sarakham
Mahakam Ulu
Mahilyow
Majalengka
Majene
Makassar
Makedonia
Malaka
Malang
Malinau
Malinau , Malinau
Malinau , Malinau , Malinau
Malinau Hilir, Malinau , Malinau
Malinau Hulu, Malinau , Malinau
Maliti,  Waikabubak, Sumba Barat
Malotong, Ampana , Tojo Una-Una
Maluku Barat Daya
Maluku Tengah
Maluku Tenggara
Maluku Tenggara Barat
Malumbi,  Waingapu, Sumba Timur
Mamasa
Mamberamo Raya
Mamberamo Tengah
Mampang,  Pinang, Labuhanbatu Selatan
Mamuju
Mamuju Tengah
Mamuju Utara
Manabí
Manado
Mananti
Manatuto
Mandailing Natal
Mandailing, Tebing Tinggi , Tebing Tinggi
Manggarai
Manggarai Barat
Manggarai Timur
Manokwari
Manokwari Selatan
Manukau
Manyabar, Panyabungan , Mandailing Natal
Mappi
Mara , Umbu Ratu Nggay, Sumba Tengah
Marabahan , Marabahan, Barito Kuala
Marengan Daya,  Sumenep, Sumenep
Margawati, Garut , Garut
Mariana, Pontianak , Pontianak
Marinsow
Masohi, Maluku Tengah
Masvingo
Mataram
Matawai,  Waingapu, Sumba Timur
Maubeli,  Kefamenanu, Timor Tengah Utara
Mauhau,  Waingapu, Sumba Timur
Mauliru,  Waingapu, Sumba Timur
Mayang Mengurai,  Baru, Jambi
Maybrat
Mazowsze
Mbengan,  Komba, Manggarai Timur
Me?imurje
Medan
Medan , Medan
Medan,  Manna, Bengkulu Selatan
Medan, Kelayang, Indragiri Hulu
Mekar Baru,  Kisaran Barat, Asahan
Meksiko
Melawi
Melayu  Piring, Tanjung Pinang Timur, Tanjung Pinang
Menara, Amurang Timur, Minahasa Selatan
Mendoza
Menggala , Menggala, Tulang Bawang
Meral , Meral, Karimun
Merangin
Merauke
Mesjid, Medan , Medan
Mesuji
Mimika
Minahasa
Minahasa Selatan
Minahasa Tenggara
Minahasa Utara
Misiones
Mlati Kidul, , Kudus
Mlati Lor, , Kudus
Mlati Norowito, , Kudus
Moengko Baru, Poso , Poso
Moengko Lama, Poso , Poso
Mojokerto
Mokel,  Komba, Manggarai Timur
Molosifat,  Barat, Gorontalo
Molosipat U,  Utara, Gorontalo
Moodu,  Timur, Gorontalo
Morona-Santiago
Morowali
Morowali Utara
Moti, Moti, Ternate
Muara Enim
Muara Sanding, Garut , Garut
Muaro Jambi
Muhuran,  Bangun, Kutai Kartanegara
Mukdahan
Mukomuko
Mukomuko , Mukomuko
Muna
Mungka, Lima Puluh
Murcia
Murung Raya
Musi Banyuasin
Musi Rawas
Mutiara,  Kisaran Timur, Asahan
Nabire
Nagan Raya
Nagaya, Bolano Lambunu, Parigi Moutong
Nagekeo
Nakhon Phanom
Nakhon Si Thammarat
Napo
Natuna
Nduga
Negara, Lahat, Lahat
Negara, Madang Suku II, Ogan Komering Ulu Timur
Neptuno
Neuquén
New Delhi
Ngada
Nganguk, , Kudus
Nganjuk
Ngawi
Nias
Nias Barat
Nias Selatan
Nias Utara
Nil Hulu
Noida City Centre
Nong Bua Lamphu
Nong Khai
North Shore
Nunukan
Nógrád
Oaxaca
Oeba,  Lama, Kupang
Ogan Ilir
Ogan Komering Ilir
Ogan Komering Ulu
Ogan Komering Ulu Selatan
Ogan Komering Ulu Timur
Orellana
Osijek-Baranja
Paal Lima,  Baru, Jambi
Paan Leleng,  Komba, Manggarai Timur
Paberasan,  Sumenep, Sumenep
Pabian,  Sumenep, Sumenep
Pacitan
Pada Eweta,  Waikabubak, Sumba Barat
Padang
Padang Berangin,  Manna, Bengkulu Selatan
Padang Kapuk,  Manna, Bengkulu Selatan
Padang Lawas
Padang Lawas Utara
Padang Niur,  Manna, Bengkulu Selatan
Padang Panjang
Padang Pariaman
Padang Sidempuan
Padang Tumbuo, Ampana , Tojo Una-Una
Padang, Manna, Bengkulu Selatan
Padang, Rejang Lebong
Padebuolo,  Timur, Gorontalo
Pagar , Bayung Lencir, Musi Banyuasin
Pagar Dewa,  Manna, Bengkulu Selatan
Pagaran Tonga, Panyabungan , Mandailing Natal
Pagatan, Kusan Hilir, Tanah Bumbu
Paguyaman,  Tengah, Gorontalo
Pajagalan,  Sumenep, Sumenep
Pajaritos
Pakpak Bharat
Paku, Galang, Deli Serdang
Pakuwon, Garut , Garut
Palangan,  Besi, waringin Timur
Palangka Raya
Palembang
Palopo
Palu
Pamalian,  Besi, waringin Timur
Pamarai
Pamekasan
Paminggir, Garut , Garut
Pamolokan,  Sumenep, Sumenep
Pancuran Gerobak, Sibolga , Sibolga
Pandau Hulu I, Medan , Medan
Pandeglang
Pandian,  Sumenep, Sumenep
Pangandaran
Pangarangan,  Sumenep, Sumenep
Pangkajene dan Kepulauan
Pangkal Pinang
Pangkalan Kerinci , Pangkalan Kerinci, Pelalawan
Pangkalan Koto Baru, Lima Puluh
Paniai
Panjunan, , Kudus
Panton Labu, Tanah Jambo Aye, Aceh Utara
Panyabungan , Mandailing Natal
Panyabungan I, Panyabungan , Mandailing Natal
Panyabungan II, Panyabungan , Mandailing Natal
Panyabungan III, Panyabungan , Mandailing Natal
Panyabungan Jae, Panyabungan , Mandailing Natal
Panyabungan Julu, Panyabungan , Mandailing Natal
Panyabungan Tonga, Panyabungan , Mandailing Natal
Paran Tonga Hr
Parbangunan, Panyabungan , Mandailing Natal
Parepare
Paret, Simpang Kanan, Rokan Hilir
Pari, Pantai Cermin, Serdang Bedagai
Pariaman
Parigi Moutong
Paringin , Paringin, Balangan
Parsanga,  Sumenep, Sumenep
Pasaman
Pasaman Barat
Pasar  Krui, Pesisir Tengah, Pesisir Barat
Pasar , Rengat, Indragiri Hulu
Pasar Baru,  Manna, Bengkulu Selatan
Pasar Baru, Medan , Medan
Pasar Baru, Sibolga , Sibolga
Pasar Baru, Tebing Tinggi , Tebing Tinggi
Pasar Belakang, Sibolga , Sibolga
Pasar Gambir, Tebing Tinggi , Tebing Tinggi
Pasar Hilir, Panyabungan , Mandailing Natal
Pasar Madang,  Agung Pusat, Tanggamus
Pasar Merah Barat, Medan , Medan
Pasar Pagi, Samarinda , Samarinda
Paser
Pasir Tuntung,  Pinang, Labuhanbatu Selatan
Pastaza
Pasuruan
Pati
Paya Bahung Ib
Payakumbuh
Payakumbuh, Lima Puluh
Pegunungan Bintang
Pegunungan Selatan
Pekalongan
Pekan Binjai, Binjai , Binjai
Pekanbaru
Pekanbaru , Pekanbaru
Pela,  Bangun, Kutai Kartanegara
Pelabuhan, Samarinda , Samarinda
Pelalawan
Pelita Kanaan, Malinau , Malinau
Pemalang
Pemangkat , Pemangkat, Sambas
Pematangsiantar
Penajam Paser Utara
Pennsylvania Station
Penukal Abab Lematang Ilir
Penyengat, Tanjung Pinang , Tanjung Pinang
Perdamaian,  Kuala Simpang, Aceh Tamiang
Perkebunan Nagodang,  Pinang, Labuhanbatu Selatan
Perkebunan Normark,  Pinang, Labuhanbatu Selatan
Perkebunan Sei Rumbia,  Pinang, Labuhanbatu Selatan
Pesawaran
Pesisir Barat
Pesisir Selatan
Phang Nga
Phatthalung
Phetchaburi
Pichincha
Pidie
Pidie Jaya
Pidoli Dolok 2, Panyabungan , Mandailing Natal
Pidoli Dolok, Panyabungan , Mandailing Natal
Pidoli Lombang, Panyabungan , Mandailing Natal
Pilolodaa,  Barat, Gorontalo
Pinang,  Pinang, Labuhanbatu Selatan
Pinang, Labuhanbatu Selatan
Pinrang
Pionoto
Plaza de Puente Alto
Pohe,  Selatan, Gorontalo
Pohuwato
Polewali Mandar
Pong Ruan,  Komba, Manggarai Timur
Ponorogo
Pontianak
Pontianak , Pontianak
Poso
Poso  Selatan, Poso
Poso  Utara, Poso
Poso , Poso
Požega-Slavonia
Prabumulih
Prachuap Khiri Khan
Prailiu,  Waingapu, Sumba Timur
Praja, Air Manjunto, Mukomuko
Primorje-Gorski Kotar
Pringsewu
Probolinggo
Provinsi Córdoba
Provinsi Mendoza
Provinsi Salta
Provinsi Tengah
Provinsi Tierra del Fuego
Puebla
Puente Cal y Canto
Pulang Pisau
Pulau Morotai
Pulau Panjang
Pulau Taliabu
Pulo Ara Geudong Teungoh,  Juang, Bireuen
Pulo Brayan , Medan Barat, Medan
Pulo Kiton,  Juang, Bireuen
Pulo Liman
Pulubala,  Tengah, Gorontalo
Puncak
Purbalingga
Purwakarta
Purworejo
Purwosari, , Kudus
Pusat Pasar, Medan , Medan
Puy-de-Dôme
Qaraghandy
Qyzylorda
RSUD  Sumedang
Raden Hilir, Amuntai Tengah, Hulu Sungai Utara
Raden Hulu, Amuntai Tengah, Hulu Sungai Utara
Radom
Raja Ampat
Raja, Amuntai Selatan, Hulu Sungai Utara
Raja, Ende Utara, Ende
Raja, Kupang
Raja, Sikur, Lombok Timur
Rajiv Chowk
Rambung, Tebing Tinggi , Tebing Tinggi
Rana Kolong,  Komba, Manggarai Timur
Rana Mbeling,  Komba, Manggarai Timur
Ranai , Bunguran Timur, Natuna
Ranong
Ranononcu, Poso  Selatan, Poso
Rantang, Hamparan Perak, Deli Serdang
Rasau Tumbuh,  Besi, waringin Timur
Ratchaburi
Ratu, Ende Utara, Ende
Rawasari,  Baru, Jambi
Raya, Kunto Darussalam, Rokan Hulu
Raya, Lahat, Lahat
Regol, Garut , Garut
Rejang Lebong
Rembang
Rendeng, , Kudus
República
Rijswijk
Rimba Sekampung, Dumai , Dumai
Ringin, Mempura, Siak
Rithala
Roi Et
Rokan Hilir
Rokan Hulu
Rongga Koe,  Komba, Manggarai Timur
Ruan,  Komba, Manggarai Timur
Río Negro
Sa Kaeo
Saba Jambu, Panyabungan , Mandailing Natal
Sabang
Sabu Raijua
Sabulira Toba, Ampana , Tojo Una-Una
Sagulung , Sagulung, Batam
Sakon Nakhon
Salambue, Panyabungan , Mandailing Natal
Salatiga
Salibabu, Kepulauan Talaud
Salta
Samarinda
Samarinda , Samarinda
Sambas
Samosir
Sampang
Samuda , Mentaya Hilir Selatan, waringin Timur
San Alberto Hurtado
San Juan, Argentina
San Luis
San Luis Potosí
San Marino
San Pablo
Sanga , Musi Banyuasin
Sanggau
Sansarino, Ampana , Tojo Una-Una
Santa Ana
Santa Elena
Santa Lucía
Santiago Bernabéu
Santiago del Estero
Santo Domingo de los Tsáchilas
Sarak Matua, Panyabungan , Mandailing Natal
Sarawet
Sarinadi,  Bangun, Kutai Kartanegara
Sarmi
Sarolangun
Sasi,  Kefamenanu, Timor Tengah Utara
Satria, Binjai , Binjai
Savoie
Sawahlunto
Sayo, Poso  Selatan, Poso
Scherpenzeel
Sebelimbingan,  Bangun, Kutai Kartanegara
Seberang , Tanjung Jabung Barat
Sedulang,  Bangun, Kutai Kartanegara
Sei Rengas I, Medan , Medan
Sei Renggas,  Kisaran Barat, Asahan
Sekadau
Sektor 1
Sektor 2
Sektor 3
Sektor 4
Sektor 5
Sektor 6
Selat Panjang , Tebing Tinggi, Kepulauan Meranti
Selatan, Gorontalo
Selatan, Sierra Leone
Selawan,  Kisaran Timur, Asahan
Selong , Selong, Lombok Timur
Seluma
Semarang
Sendang Sari,  Kisaran Barat, Asahan
Senggarang, Tanjung Pinang , Tanjung Pinang
Sentang,  Kisaran Timur, Asahan
Seram Bagian Barat
Seram Bagian Timur
Serang
Serdang Bedagai
Seruyan
Setia, Binjai , Binjai
Siak
Siantar, Panyabungan , Mandailing Natal
Sibolga
Sibolga , Sibolga
Sidenreng Rappang
Sidikalang , Sidikalang, Dairi
Sidoarjo
Sidodadi,  Kisaran Barat, Asahan
Sidomukti,  Kisaran Barat, Asahan
Siendeng,  Selatan, Gorontalo
Sigalapang Julu, Panyabungan , Mandailing Natal
Sigi
Sigli, Pidie
Sijunjung
Sikka
Simalungun
Simatahari,  Pinang, Labuhanbatu Selatan
Simboling, Singkil, Aceh Singkil
Simeulue
Simpang  Medan, Kelayang, Indragiri Hulu
Simpang Empat, Pekanbaru , Pekanbaru
Simpang Tiga Sipin,  Baru, Jambi
Simpur,  Besi, waringin Timur
Singkawang
Singocandi, , Kudus
Sinjai
Sintang
Siobin Jae, Panyabungan , Mandailing Natal
Siobon, Panyabungan , Mandailing Natal
Sipapaga, Panyabungan , Mandailing Natal
Sipolu Polu, Panyabungan , Mandailing Natal
Sisak-Moslavina
Sisaket
Sistan dan Baluchestan
Sisumut,  Pinang, Labuhanbatu Selatan
Sitirejo I, Medan , Medan
Situbondo
Situjuh Lima Nagari, Lima Puluh
Siumbut Baru,  Kisaran Timur, Asahan
Siumbut-umbut,  Kisaran Timur, Asahan
Sleman
Soba Rade,  Waikabubak, Sumba Barat
Soe, Timor Tengah Selatan
Sofifi
Solok
Solok Selatan
Songkhla
Sopo Batu, Panyabungan , Mandailing Natal
Soppeng
Sorong
Sorong Selatan
Sosopan,  Pinang, Labuhanbatu Selatan
Split-Dalmatia
Sragen
Sriwijaya,  Kuala Simpang, Aceh Tamiang
Stadion  Batik
Stadion  Toulouse
Stadion Miejski
Stadion Rakyat  Guangdong
Subang
Subulussalam
Sucumbíos
Sudirejo I, Medan , Medan
Sudirejo II, Medan , Medan
Sukabumi
Sukabumi,  Bangun, Kutai Kartanegara
Sukajadi, Batam , Batam
Sukajadi, Dumai , Dumai
Sukakarya,  Baru, Jambi
Sukamantri, Garut , Garut
Sukamara
Sukanegla, Garut , Garut
Sukaramai, Pekanbaru , Pekanbaru
Sukoharjo
Suliki Gunung Mas, Lima Puluh
Sumahilang, Pekanbaru , Pekanbaru
Sumba Barat
Sumba Barat Daya
Sumba Tengah
Sumba Timur
Sumbawa
Sumbawa Barat
Sumber Sari,  Bangun, Kutai Kartanegara
Sumedang
Sumenep
Sumenep, Sumenep
Sumoli, Ampana , Tojo Una-Una
Sungai Bangkong, Pontianak , Pontianak
Sungai Jawi, Pontianak , Pontianak
Sungai Liput,  Kuala Simpang, Aceh Tamiang
Sungai Panas, Batam , Batam
Sungai Pinang Luar, Samarinda , Samarinda
Sungai Tabuk , Sungai Tabuk, Banjar
Sungaipenuh
Sunggingan, , Kudus
Suphan Buri
Supiori
Surabaya
Surat Thani
Surin
Tabalong
Tabanan
Tainan
Taipei
Takalar
Talumolo,  Timur, Gorontalo
Tamalate,  Timur, Gorontalo
Taman Baloi, Batam , Batam
Tambrauw
Tana Tidung
Tana Toraja
Tanah Bumbu
Tanah Datar
Tanah Datar, Pekanbaru , Pekanbaru
Tanah Laut
Tanah Rata,  Komba, Manggarai Timur
Tangerang
Tanggamus
Tangsi, Binjai , Binjai
Tanjung Batu , Kundur, Karimun
Tanjung Berlian , Kundur Utara, Karimun
Tanjung Jabung Barat
Tanjung Jabung Timur
Tanjung Keramat,  Selatan, Gorontalo
Tanjung Keranjang, Malinau , Malinau
Tanjung Pinang , Tanjung Pinang , Tanjung Pinang
Tanjung Selor
Tanjung Tiram , Tanjung Tiram, Batu Bara
Tanjung Uban , Bintan Utara, Bintan
Tanjungbalai
Tanjungbalai  I, Tanjungbalai Selatan, Tanjungbalai
Tanjungbalai  II, Tanjungbalai Selatan, Tanjungbalai
Tanjungbalai  III, Tanjungbalai Utara, Tanjungbalai
Tanjungbalai  IV, Tanjungbalai Utara, Tanjungbalai
Tanjungpinang
Tanjungpinang , Tanjungpinang
Tapa,  Utara, Gorontalo
Tapanuli Selatan
Tapanuli Tengah
Tapanuli Utara
Tapin
Tarakan
Tarn
Tasikmalaya
Tavush
Tebara,  Waikabubak, Sumba Barat
Tebat Kubu,  Manna, Bengkulu Selatan
Tebing Kisaran,  Kisaran Barat, Asahan
Tebing Tinggi
Tebing Tinggi , Tebing Tinggi
Tebing Tinggi Lama, Tebing Tinggi , Tebing Tinggi
Tebo
Tegal
Tegal Rejo, Poso  Utara, Poso
Tegal Sari,  Kisaran Barat, Asahan
Teladan Barat, Medan , Medan
Teladan Timur, Medan , Medan
Teladan,  Kisaran Timur, Asahan
Teluk Bintuni
Teluk Pulai Raya, Seberang , Tanjung Jabung Barat
Teluk Tering, Batam , Batam
Teluk Wondama
Temanggung
Tembilahan , Tembilahan, Indragiri Hilir
Tenda,  Selatan, Gorontalo
Tengah
Tengah, Dolok Masihul, Serdang Bedagai
Tengah, Gorontalo
Tengah, Pontianak , Pontianak
Tenilo,  Barat, Gorontalo
Ternate
The Dell
The O2 Arena
The Valley
Tidore Kepulauan
Tierra del Fuego
Timika
Timor Tengah Selatan
Timor Tengah Utara
Timur, Gorontalo
Timur, Sierra Leone
Tinggi, Pekanbaru , Pekanbaru
Toba Samosir
Tobalaba
Tojo Una-una
Tolikara
Tolitoli
Tolna
Tomohon
Toraja Utara
Trang
Trat
Trenggalek
Tual
Tuban
Tubuhue,  Kefamenanu, Timor Tengah Utara
Tucumán
Tulang Bawang
Tulang Bawang Barat
Tulungagung
Tungkal IV , Tungkal Ilir, Tanjung Jabung Barat
Tungkal IV Desa, Seberang , Tanjung Jabung Barat
Tungkal V, Seberang , Tanjung Jabung Barat
Tungurahua
Uentanaga Atas, Ampana , Tojo Una-Una
Uentanaga Bawah, Ampana , Tojo Una-Una
Uneng, Alok, Sikka
Universidad Católica
Universidad de Chile
Universidad de Santiago
Unión Latinoamericana
Utara, Gorontalo
Utara, Sierra Leone
Uthai Thani
Vaishali
Vancouver Utara, British Columbia
Var
Varaždin
Vayots Dzor
Veracruz
Vespucio Norte
Veszprém
Vicente Valdés
Vicuña Mackenna
Virovitica-Podravina
Vitsebsk
Vukovar-Syrmia
Waikabubak, Sumba Barat
Wailiang,  Waikabubak, Sumba Barat
Waingapu, Sumba Timur
Waisai, Raja Ampat
Waiwerang , Adonara Timur, Flores Timur
Wajo
Wakatobi
Wangga,  Waingapu, Sumba Timur
Wangkaditi Barat,  Utara, Gorontalo
Wangkaditi Timur,  Utara, Gorontalo
Waropen
Watu Nggene,  Komba, Manggarai Timur
Way Kanan
Wenchuan
Wergu Kulon, , Kudus
Wergu Wetan, , Kudus
Wetan, Garut , Garut
Winsum
Wonogiri
Wonosari,  Bangun, Kutai Kartanegara
Wonosobo
World Trade Center
Wumialo,  Tengah, Gorontalo
Xiangkhoang
Yahukimo
Yalimo
Yamuna Bank
Yehuwa, Poso  Selatan, Poso
Yogyakarta
Zacatecas
Zamora-Chinchipe
Zona Bagmati
bumi , Lampung Utara
matsum III, Medan , Medan
mobagu
Šibenik-Knin
